scenario,horizon_months,signal,signal_label,weighting,industry_neutral,months,first_month,last_month,mean_monthly_gross_return,annualized_arithmetic_gross_return,annualized_gross_sharpe,maximum_drawdown,hit_rate,average_turnover,average_active_cohorts,factor_alpha_monthly,factor_alpha_hac_standard_error,factor_alpha_t_stat,factor_alpha_p_value,factor_r_squared,net_return_computed,beta_mkt_excess,beta_smb,beta_hml,beta_rmw,beta_cma,beta_mom
null_alpha,1,migration_surprise,migration_surprise,equal,False,68,2002-04-30,2019-07-31,0.0013220255982711,0.0158643071792535,0.1992332211321904,-0.1560383857924697,0.5588235294117647,1.9822906668494904,1.0,0.0012162388526352,0.0023544892062287,0.5165616599208394,0.6054621855607597,0.1272849253303063,False,0.1209487098059602,0.1739249199887068,-0.0878937557259234,0.0609427930954316,-0.3370066574470962,-0.0822985713248702
null_alpha,1,migration_surprise,migration_surprise,equal,True,68,2002-04-30,2019-07-31,0.0007666852481791,0.0092002229781492,0.1247002338603402,-0.1468308140365027,0.5441176470588235,1.982974113152724,1.0,0.0004701203018611,0.0020745992714039,0.2266077638902189,0.8207287546260468,0.1157076668585398,False,0.0943017600028211,0.2102398254431467,-0.0545756860030981,0.0860723499343723,-0.2124487484663238,-0.1595519804666406
null_alpha,1,migration_surprise,migration_surprise,value,False,68,2002-04-30,2019-07-31,-0.0012733719656036,-0.0152804635872441,-0.0872335111204181,-0.3106033261838556,0.4705882352941176,1.983061785991045,1.0,-0.0024145069008263,0.0059370540778848,-0.4066843369037566,0.6842398459041481,0.0453917407521353,False,-0.0059817790410275,0.2054110467478119,0.0580011103165526,0.1435850068702429,0.4622557924784857,0.0180630509855354
null_alpha,1,migration_surprise,migration_surprise,value,True,68,2002-04-30,2019-07-31,-0.0014569728637362,-0.0174836743648345,-0.0938050055574089,-0.2881931185844067,0.4852941176470588,1.983843116694612,1.0,-0.0028781215856237,0.006218667038206,-0.4628196955941319,0.6434936124424833,0.0651569080013156,False,-0.1860908277942301,0.2428778837405848,0.2360424701039728,0.3823991960468223,0.2382783856764801,0.1418104272297148
null_alpha,1,velocity_log_odds,raw_migration,equal,False,73,2001-03-31,2019-07-31,-0.0018304758369286,-0.0219657100431438,-0.2486910383538028,-0.1785401405987858,0.5342465753424658,1.983601086888758,1.0,-0.0002395902656563,0.0027826488136807,-0.0861015103589076,0.9313857229925216,0.0965613745327674,False,0.072526914856298,0.1290701932134439,-0.1424158098065082,-0.3417692682105292,-0.1587544807954714,-0.0515090035617942
null_alpha,1,velocity_log_odds,raw_migration,equal,True,73,2001-03-31,2019-07-31,-0.0015192088230515,-0.0182305058766191,-0.1852437702844038,-0.2353419390831024,0.4931506849315068,1.9840349433671356,1.0,-0.0003998123781999,0.0034863026890201,-0.1146809138113893,0.9086980426753478,0.0572956388126336,False,0.0414280648386706,0.1170697019057716,-0.0194121838349969,-0.3476972204683654,-0.005995100348468,-0.0738262379911182
null_alpha,1,velocity_log_odds,raw_migration,value,False,73,2001-03-31,2019-07-31,0.0059962169461205,0.0719546033534467,0.349287703653274,-0.2134679017340505,0.5205479452054794,1.9857370337231235,1.0,0.0091436756239411,0.0065730696897779,1.3910814969999332,0.1642007150308697,0.1014471924402797,False,-0.1463901635118666,0.2411044087502763,0.2763355816831971,-0.766564606222116,-0.2199106385011341,0.2836824802778118
null_alpha,1,velocity_log_odds,raw_migration,value,True,73,2001-03-31,2019-07-31,0.0010235906406127,0.0122830876873532,0.0674633758699718,-0.2732929282108282,0.4520547945205479,1.9854029695718711,1.0,0.0040247398921382,0.0058578431028864,0.687068571391937,0.4920395182495378,0.1567899725094984,False,-0.1740628580942759,0.336675402897359,0.3511526649213882,-0.7767423089251148,-0.1165607256609287,0.3001051716432802
null_alpha,1,viability_log_odds,static_viability,equal,False,93,2000-03-31,2019-07-31,-0.003451388689628,-0.041416664275537,-0.4927124948023997,-0.3078189201394333,0.4301075268817204,1.9818255329685424,1.0,-0.0036336817993568,0.0021803125437884,-1.6665875769549163,0.0955964408192037,0.0094956397912333,False,-0.0171485450439452,0.0466853280382127,0.0281962771293329,0.0797910576808616,0.0170510421763713,0.0225668039788214
null_alpha,1,viability_log_odds,static_viability,equal,True,93,2000-03-31,2019-07-31,-0.0042016648967707,-0.0504199787612495,-0.5782901361465449,-0.2909350960594878,0.4516129032258064,1.9821984427528616,1.0,-0.0044284201439212,0.0024072223587468,-1.839639004610536,0.0658212539646854,0.0608650626435108,False,-0.0408427637169719,0.1379931705425102,0.0785423873430536,0.04109051813097,0.1897379627751068,0.0520664504193866
null_alpha,1,viability_log_odds,static_viability,value,False,93,2000-03-31,2019-07-31,-0.0078406097779602,-0.0940873173355233,-0.4923937884935618,-0.5894172582077934,0.4731182795698925,1.988213343009908,1.0,-0.0050869489892269,0.0054607190367704,-0.9315529612443544,0.3515676022574695,0.0547843659814754,False,-0.0838865233456448,0.2181984438247219,-0.4070962214448792,-0.1484905223478966,0.1314926686906251,-0.1017508847396989
null_alpha,1,viability_log_odds,static_viability,value,True,93,2000-03-31,2019-07-31,-0.0002346257702514,-0.0028155092430173,-0.0151054855243841,-0.4061061170089396,0.4946236559139785,1.9881381724854583,1.0,0.0024336181217014,0.0048575142021508,0.5010007218556072,0.6163706148928467,0.1355494564117118,False,-0.0182758267189061,0.5901301383032211,-0.419692605672309,-0.2474035568993398,0.445620283833825,-0.3245456041868236
null_alpha,3,migration_surprise,migration_surprise,equal,False,98,2002-04-30,2019-09-30,0.0026685147230111,0.0320221766761342,0.4940965129582165,-0.1524858473853427,0.5816326530612245,0.9605010069295784,2.0816326530612246,0.0014192996434957,0.0017143624392688,0.8278877388967255,0.4077340793609447,0.1230959325179442,False,0.1086237099614955,0.1067268828225687,-0.0086125358160218,0.2125220180148434,-0.0887924047578585,-0.0953538639292517
null_alpha,3,migration_surprise,migration_surprise,equal,True,98,2002-04-30,2019-09-30,0.0036052326693248,0.0432627920318986,0.586225352899747,-0.1660495207226031,0.5612244897959183,0.96097523497672,2.0816326530612246,0.0027474448215753,0.0020869342365748,1.316498034976199,0.1880069375242474,0.077235533734305,False,0.0735825952715065,0.059278385722596,-0.0729487336073014,0.1876181209654745,0.0580665391798239,-0.1041143931502639
null_alpha,3,migration_surprise,migration_surprise,value,False,98,2002-04-30,2019-09-30,0.0058140494528919,0.0697685934347031,0.4784662644461978,-0.2809132252499537,0.5816326530612245,0.9610360691910652,2.0816326530612246,0.0050594085336355,0.0035959311355799,1.4069814862624277,0.1594328786761596,0.1761558634963194,False,-0.1701708511357927,0.1668466317942316,0.080618526544767,0.19322552969959,0.7781695514868475,0.0045186450214153
null_alpha,3,migration_surprise,migration_surprise,value,True,98,2002-04-30,2019-09-30,0.0061248119672317,0.0734977436067815,0.5025362002486388,-0.2330060316777924,0.5714285714285714,0.9615782170261932,2.0816326530612246,0.0059909733855807,0.0035105790288915,1.7065485027614709,0.0879060038532588,0.1621873566043543,False,-0.2374260862854548,0.3245463734900191,0.0990546093419763,0.1279205652323391,0.610426256352562,-0.0506725733744351
null_alpha,3,velocity_log_odds,raw_migration,equal,False,105,2001-03-31,2019-09-30,0.0019526816643041,0.0234321799716494,0.3057971558432653,-0.1914765549742964,0.5428571428571428,0.9600274223131364,2.085714285714286,0.0019776691419784,0.0022867341012733,0.8648443825966505,0.3871242073891082,0.033091434323172,False,0.0380628669961434,0.060458374783839,-0.0286812469436538,-0.1025446804268304,-0.0074668426800398,-0.0951627416196763
null_alpha,3,velocity_log_odds,raw_migration,equal,True,105,2001-03-31,2019-09-30,0.002530543341032,0.030366520092384,0.3456980834673903,-0.1752740025313395,0.5428571428571428,0.96032905586477,2.085714285714286,0.0024324677874709,0.0025099520063057,0.9691292030125852,0.3324807288183201,0.0252460673763761,False,0.0128106396014404,0.094645736662448,-0.0046819746276462,-0.0543200874167708,0.0052411531506908,-0.1056520038720125
null_alpha,3,velocity_log_odds,raw_migration,value,False,105,2001-03-31,2019-09-30,0.0111070383485147,0.1332844601821764,0.895593259908043,-0.1976892633194845,0.6190476190476191,0.9615124139217904,2.085714285714286,0.0114195305216868,0.0044071299520553,2.591149034840933,0.0095656055920485,0.0832923037157828,False,-0.1767761753271936,0.1992431866820515,0.2722942059629086,-0.1579857070723937,0.32703582836868,0.1282060813670143
null_alpha,3,velocity_log_odds,raw_migration,value,True,105,2001-03-31,2019-09-30,0.0064106673332471,0.0769280079989658,0.5238435128240684,-0.2352540258556007,0.5619047619047619,0.9612801597975864,2.085714285714286,0.0068710904432641,0.0039448426061801,1.741790770688695,0.0815450622536256,0.0894507003062973,False,-0.2003891172467086,0.3320411874152928,0.1026910086778076,-0.0194846664292978,0.3092537586845212,0.1148331522660826
null_alpha,3,viability_log_odds,static_viability,equal,False,133,2000-03-31,2019-09-30,-0.0010697411590401,-0.0128368939084812,-0.1598683982175623,-0.1930988832499575,0.5112781954887218,0.9547100844567002,2.097744360902256,-0.0011963368097818,0.0018078034831691,-0.6617626423003689,0.5081233513966734,0.0151219692389691,False,-0.0276346907158854,0.035695475351528,0.041818169967646,0.1080932765181051,-0.0221864319940895,0.0280552704953742
null_alpha,3,viability_log_odds,static_viability,equal,True,133,2000-03-31,2019-09-30,-0.0014368132353089,-0.0172417588237072,-0.2005799724785618,-0.3094159910679359,0.4360902255639097,0.9549708409224272,2.097744360902256,-0.0016813495879126,0.0022647450443827,-0.7424012659097932,0.4578442528035955,0.0429778177287923,False,-0.0586076164817397,0.1248487680911008,0.112582788788051,0.0590447425810465,0.0708408956453763,0.0288875978566601
null_alpha,3,viability_log_odds,static_viability,value,False,133,2000-03-31,2019-09-30,-0.0015778990579724,-0.0189347886956688,-0.1082232092977308,-0.4355692178598384,0.4736842105263157,0.959176748620963,2.097744360902256,-0.0007872668913401,0.0041966605922097,-0.1875936531063599,0.8511952020023833,0.0230120093921828,False,-0.0908717105560543,0.2463010275142826,-0.0834254508250772,0.0856691423956907,0.0159313287578242,0.0470254285984206
null_alpha,3,viability_log_odds,static_viability,value,True,133,2000-03-31,2019-09-30,0.0010233978399141,0.01228077407897,0.0725610805143641,-0.5344236932353686,0.5037593984962406,0.9591241857730396,2.097744360902256,0.0011736561122167,0.0044470543077619,0.2639176477265609,0.7918433767074067,0.0309473203176001,False,-0.0852570728226028,0.2764831914038199,0.0455533231431201,0.0028666506230557,0.2140560199447089,0.0322230944597532
null_alpha,6,migration_surprise,migration_surprise,equal,False,143,2002-04-30,2019-12-31,0.0008857051421712,0.0106284617060547,0.1558806163938788,-0.317377817834379,0.5454545454545454,0.6992710863340235,2.8531468531468533,-0.000559378623467,0.0018968809318512,-0.2948939040264918,0.7680749288675109,0.0625068524616772,False,0.0764024567535461,-0.0753483490836895,0.061029531222036,0.1624571617804686,0.0514025626402963,0.023401463593093
null_alpha,6,migration_surprise,migration_surprise,equal,True,143,2002-04-30,2019-12-31,0.000682733055594,0.0081927966671282,0.1206016695052106,-0.3301727411093094,0.5664335664335665,0.6995960817789176,2.8531468531468533,-0.0002645915920432,0.0020043778985031,-0.13200683974853,0.8949788817592519,0.0523696535996426,False,0.0612648087998708,-0.1123654480293721,-0.0113115990646653,0.1038659157951919,0.1109895644935167,0.0156001910616225
null_alpha,6,migration_surprise,migration_surprise,value,False,143,2002-04-30,2019-12-31,0.0025013666183334,0.0300163994200018,0.2089828604081283,-0.4246043942933548,0.5804195804195804,0.699637772359378,2.8531468531468533,0.0006738666134366,0.0034933556817324,0.1928995140576397,0.847037665612171,0.0955916893368585,False,-0.0564823216826301,-0.1015738477485641,0.0155010759259044,0.2603647444494731,0.5553669503255949,0.1060444653946798
null_alpha,6,migration_surprise,migration_surprise,value,True,143,2002-04-30,2019-12-31,0.0022383069140225,0.0268596829682706,0.1906805334790812,-0.5101367233653571,0.5244755244755245,0.7000093142324028,2.8531468531468533,0.0010925454625624,0.0034275929599072,0.3187500602732046,0.7499160504534246,0.089005755599917,False,-0.1028882815105896,-0.0527894297945814,-0.0104876009987775,0.2002331587843913,0.5360560299411404,0.0888847387257919
null_alpha,6,velocity_log_odds,raw_migration,equal,False,153,2001-03-31,2019-12-31,0.0001631874415185,0.0019582492982229,0.026208429212115,-0.2271492696846095,0.5359477124183006,0.7002366841582529,2.862745098039216,0.0008962134253197,0.0016920999575589,0.5296456756684073,0.5963576194703559,0.0894549762801265,False,0.0696097450935554,-5.7248129003501815e-05,-0.1156388459473866,-0.1530900279587171,-0.0068336102392963,-0.124721677521504
null_alpha,6,velocity_log_odds,raw_migration,equal,True,153,2001-03-31,2019-12-31,5.798755333443604e-05,0.0006958506400132,0.0083075651750427,-0.2940286612503974,0.5163398692810458,0.7004436875760405,2.862745098039216,0.0004657170749022,0.0020531904101908,0.2268260520752179,0.8205590050096524,0.0638491733680369,False,0.0703393811490989,0.0003974380750345,-0.1089384751408261,-0.1008955222469781,0.0368633176677959,-0.1284849334264547
null_alpha,6,velocity_log_odds,raw_migration,value,False,153,2001-03-31,2019-12-31,0.0055250412353406,0.0663004948240874,0.4925136694161109,-0.3161552669857836,0.5555555555555556,0.7012557960465449,2.862745098039216,0.0059012937998238,0.0036468138923152,1.6182053633883986,0.1056183473924367,0.0366121501144073,False,-0.0879085078504283,0.0696434655914019,-0.0573658581991992,-0.0492907877892108,0.3119173631642858,0.0769083953644457
null_alpha,6,velocity_log_odds,raw_migration,value,True,153,2001-03-31,2019-12-31,0.0004228704184852,0.0050744450218227,0.0374315397311833,-0.4032337425224821,0.5294117647058824,0.7010964059613067,2.862745098039216,0.0002640673001823,0.0033370089377119,0.0791329316496863,0.9369268899665126,0.0404912415568601,False,-0.0886153390696445,0.1888202110205892,-0.0225035532833272,0.0920167288334297,0.2505987371835692,0.0594944264829565
null_alpha,6,viability_log_odds,static_viability,equal,False,193,2000-03-31,2019-12-31,-0.0029096435534925,-0.0349157226419104,-0.4611014746149368,-0.4302025478973968,0.5077720207253886,0.7014323379934774,2.89119170984456,-0.0022316656150714,0.0015058323131381,-1.482014694199711,0.1383363851547809,0.0423270773417537,False,-0.021406212047215,0.1552946483358956,0.0124032107283935,-0.1352520344861236,-0.0786470301345214,-0.0071547085247435
null_alpha,6,viability_log_odds,static_viability,equal,True,193,2000-03-31,2019-12-31,-0.0027638963422242,-0.0331667561066913,-0.4035800313514921,-0.400740448377831,0.4922279792746113,0.7016120302729679,2.89119170984456,-0.0019189534856415,0.0017892224407344,-1.0725069404192182,0.2834923982987862,0.043383515441728,False,-0.0552699029866247,0.1788520692733101,0.0054084046754296,-0.122965538182923,-0.0069178776903293,0.0410939053489693
null_alpha,6,viability_log_odds,static_viability,value,False,193,2000-03-31,2019-12-31,-0.0020925673017575,-0.025110807621091,-0.1663728376098434,-0.5450418541235004,0.4766839378238341,0.7045104018994202,2.89119170984456,-0.001136411904623,0.0030115396445567,-0.3773524637728254,0.7059116884704124,0.0354499688329481,False,-0.1444910849393167,0.1409309169529888,0.1499719344180012,-0.1786588484580087,-0.0011309074065191,0.0911460915274983
null_alpha,6,viability_log_odds,static_viability,value,True,193,2000-03-31,2019-12-31,-0.0005338729407115,-0.006406475288538,-0.0436014185406896,-0.5000444540514314,0.4715025906735751,0.7044741798332346,2.89119170984456,0.0005020108649973,0.0033768438873292,0.1486627400458259,0.8818197635910279,0.0546119496208702,False,-0.1729577834298928,0.175224410806098,0.1764035507789302,-0.1766454024601397,-0.003851965004439,0.1371741581990281
null_alpha,12,migration_surprise,migration_surprise,equal,False,193,2002-04-30,2020-06-30,-0.0002758667940426,-0.0033104015285112,-0.0809688485315505,-0.2481062211333274,0.4766839378238341,0.245134720961406,4.227979274611399,-0.0005175317690371,0.0010568820900468,-0.4896778684311391,0.6243618650899532,0.0252268624120467,False,-0.0048909058706014,0.0006135395664362,0.0032965776499045,0.0802364505465588,-0.0153692549500304,0.0320089546779855
null_alpha,12,migration_surprise,migration_surprise,equal,True,193,2002-04-30,2020-06-30,6.274283959244952e-05,0.0007529140751093,0.0164058730511957,-0.2712079150806501,0.5284974093264249,0.2450301419598876,4.227979274611399,-0.0002268490475398,0.0010884817108011,-0.2084086900945151,0.8349098715858607,0.0125352215804421,False,-0.0003429416508357,-0.0081906565699553,0.0063008701090993,0.0645832146972749,0.0276847018094082,0.0143754253660152
null_alpha,12,migration_surprise,migration_surprise,value,False,193,2002-04-30,2020-06-30,0.002237433149555,0.0268491977946601,0.2732828744875883,-0.280848597338486,0.5854922279792746,0.2455731380984216,4.227979274611399,0.00197779967594,0.0019770102332413,1.0003993113871903,0.3171173031137101,0.0373468303878772,False,-0.0517554219656928,-0.0765654066473844,-0.0556601949761147,0.1685631571278659,0.1363486276316125,0.0393879364716254
null_alpha,12,migration_surprise,migration_surprise,value,True,193,2002-04-30,2020-06-30,0.0018075820415449,0.0216909844985396,0.2290574579512188,-0.3953598577067728,0.5025906735751295,0.2462596056952862,4.227979274611399,0.002165485050704,0.0020704336688682,1.0459089239442885,0.2956030838125828,0.0425142190931799,False,-0.0931080953900403,-0.0044939325233049,-0.0636496828263196,0.1351066437315333,0.109251867237816,-0.0118983898002496
null_alpha,12,velocity_log_odds,raw_migration,equal,False,206,2001-03-31,2020-06-30,0.0011506884205374,0.0138082610464493,0.3272083634537734,-0.0873714224969373,0.5242718446601942,0.2488998723791889,4.252427184466019,0.0018320504039649,0.0007099455011959,2.580550761824313,0.0098642852905551,0.0561661470562521,False,-0.0086863661993658,0.0525245917270806,-0.06699334228034,-0.0837087235118203,-0.0433667383770812,0.0282669205758698
null_alpha,12,velocity_log_odds,raw_migration,equal,True,206,2001-03-31,2020-06-30,0.0003700054298924,0.0044400651587096,0.0913184116233912,-0.1469837040492949,0.4757281553398058,0.2489026038434589,4.252427184466019,0.0009779836978713,0.0008014928564532,1.2202026381110385,0.2223880670557134,0.0323459523026048,False,-0.025678927992707,0.0637211771258043,-0.0349740124021448,-0.0881189324877108,-0.0037849961782852,0.018129910430302
null_alpha,12,velocity_log_odds,raw_migration,value,False,206,2001-03-31,2020-06-30,0.0030825590227369,0.0369907082728435,0.3499578297113616,-0.208840859043379,0.5194174757281553,0.2495666347327969,4.252427184466019,0.0033139027670164,0.0018595891838937,1.7820617562840326,0.074739161465316,0.0637802607877718,False,-0.138527082861346,0.034660101895203,-0.0499396285588468,0.0803586918292769,0.1725889073794947,0.1363608854109934
null_alpha,12,velocity_log_odds,raw_migration,value,True,206,2001-03-31,2020-06-30,-0.0002986688834505,-0.0035840266014061,-0.033792643965395,-0.3044690518912423,0.5097087378640777,0.2494749849756951,4.252427184466019,0.000186396500987,0.0017181289584637,0.1084880736505925,0.913608540524614,0.0703545186282124,False,-0.153569507230595,0.1001206771350101,-0.0197924004517663,0.0350144501776342,0.0760941558244171,0.1749018443687774
null_alpha,12,viability_log_odds,static_viability,equal,False,244,2000-03-31,2020-06-30,-0.0018035871035599,-0.021643045242719,-0.507034635610733,-0.3457536064338682,0.4713114754098361,0.1670439899649992,4.573770491803279,-0.0016728658171524,0.0009327906343247,-1.793399028243289,0.0729091428636539,0.0174966244206635,False,-0.0248085735706017,0.0467663775849112,0.0249934572522824,-0.0146043285113006,-0.0054873642893905,0.0152645764521718
null_alpha,12,viability_log_odds,static_viability,equal,True,244,2000-03-31,2020-06-30,-0.0019666514174803,-0.0235998170097636,-0.4679028638731859,-0.368681519618705,0.4549180327868852,0.1687319287589287,4.573770491803279,-0.0020109930138667,0.0011147268838884,-1.8040230687285863,0.0712276906288472,0.0437187971352114,False,-0.0477833055423296,0.0343063822348181,0.0649469829952797,-0.0081049549780262,0.0465824349212222,0.0450652135183163
null_alpha,12,viability_log_odds,static_viability,value,False,244,2000-03-31,2020-06-30,-0.0009048177094938,-0.0108578125139267,-0.1015274118896045,-0.4899594815753009,0.4754098360655737,0.170675490718043,4.573770491803279,-0.0002099620751031,0.0019852394219406,-0.1057615886440203,0.9157715136293836,0.0622713521980877,False,-0.1737792551319523,0.0300449466824322,0.1258340414853967,0.0021361596938924,0.0725191923093499,0.0491143093725227
null_alpha,12,viability_log_odds,static_viability,value,True,244,2000-03-31,2020-06-30,8.538617993345363e-05,0.0010246341592014,0.0103111623821742,-0.3040424167636331,0.4877049180327868,0.1724128342629199,4.573770491803279,0.0001692613800251,0.0020838674530845,0.0812246382439365,0.9352633057646262,0.074563721766384,False,-0.1478455326526398,-0.0402947610071381,0.1639518801554753,0.0081084828477922,0.110577337009345,0.0738112406970603
migration_alpha,1,migration_surprise,migration_surprise,equal,False,67,2002-04-30,2019-07-31,-0.0016737578220978,-0.0200850938651736,-0.3023300577176431,-0.1757917624178688,0.4925373134328358,1.978640277841173,1.0,-0.0014701100004265,0.0022375311323188,-0.6570232606788325,0.5111659600398039,0.0203202838648804,False,0.0196533545345599,0.0545376715489677,-0.039020439699392,0.0412063036616778,-0.0645262590905624,-0.0168166751474194
migration_alpha,1,migration_surprise,migration_surprise,equal,True,67,2002-04-30,2019-07-31,-3.59926927654143e-05,-0.0004319123131849,-0.0049225185188058,-0.1317502522805211,0.5223880597014925,1.980203520774073,1.0,-7.156935781585361e-05,0.0026971064596143,-0.0265356072841437,0.9788301330851644,0.1769978011579662,False,-0.084948930769485,0.3318151985875152,-0.0722785334262871,-0.2598548199307841,-0.1600197898731404,0.1286979866691995
migration_alpha,1,migration_surprise,migration_surprise,value,False,67,2002-04-30,2019-07-31,-0.001051534796514,-0.012618417558168,-0.0689233703304328,-0.3070115830745974,0.4626865671641791,1.9781448998510425,1.0,-0.0005390831869718,0.0067869861466421,-0.0794289505421369,0.9366914421770572,0.0746477948345859,False,0.1281177994154733,-0.211871847775882,0.0613265859809205,-0.5101182513662453,-0.121407824695215,0.0967503639131179
migration_alpha,1,migration_surprise,migration_surprise,value,True,67,2002-04-30,2019-07-31,-0.0026833839724603,-0.032200607669524,-0.2103997630533657,-0.3660880896322974,0.4477611940298507,1.9800361911760755,1.0,-0.0024129490587516,0.0059462907574039,-0.4057906276693858,0.6848964456740545,0.0428583090471031,False,0.094284782635256,0.1287634383916181,-0.0759431142650977,-0.3187889134970479,-0.2092956306233012,0.1003218243406125
migration_alpha,1,velocity_log_odds,raw_migration,equal,False,71,2001-03-31,2019-07-31,-0.0010812957895405,-0.0129755494744867,-0.1714608256109456,-0.1989828095302973,0.4647887323943662,1.984359879654202,1.0,-0.0014315029649091,0.0024825515383092,-0.576625678387371,0.5641923487744858,0.0270004479671618,False,-0.011949870447191,0.1283443369402619,-0.0293827192374612,-0.0335520813123489,0.0376123749079357,0.033325523359267
migration_alpha,1,velocity_log_odds,raw_migration,equal,True,71,2001-03-31,2019-07-31,0.0003425353225762,0.004110423870915,0.0468747287326227,-0.1903002934373791,0.5211267605633803,1.983863009000685,1.0,-0.0002182979976847,0.0027760603457053,-0.0786358978191825,0.9373222336039468,0.1065851858506705,False,-0.0527247956492849,0.2439632247428242,0.0997845126091433,-0.087463779886273,0.0768217428572917,0.1209701573007144
migration_alpha,1,velocity_log_odds,raw_migration,value,False,71,2001-03-31,2019-07-31,0.0014982463806688,0.0179789565680266,0.1196369901094174,-0.2404020117312123,0.4647887323943662,1.9853302540598368,1.0,0.0020257393828012,0.005865960591965,0.3453380483967209,0.7298402455754746,0.0253119062705122,False,-0.0889475568933498,0.0628302011521705,-0.0103572707038235,-0.2634764015734777,-0.0763589177279004,0.041160553577112
migration_alpha,1,velocity_log_odds,raw_migration,value,True,71,2001-03-31,2019-07-31,-0.0022916053422139,-0.0274992641065676,-0.1693286055402161,-0.3859687497653878,0.4788732394366197,1.9850150229343697,1.0,-0.0031754668036559,0.005993666427947,-0.529803725621008,0.5962480218506648,0.0678064492531492,False,-0.1021792703022609,0.1790140839748694,0.2696721212792678,-0.0925793930285497,-0.0501855198398801,0.2524251769549218
migration_alpha,1,viability_log_odds,static_viability,equal,False,93,2000-03-31,2019-07-31,-0.0022145324876575,-0.026574389851891,-0.3073047796692806,-0.306976116771564,0.5376344086021505,1.9818074449086451,1.0,-0.0019348752199076,0.0024166628645813,-0.8006392816578638,0.4233405028967866,0.0484413214696739,False,-0.0184749587945579,-0.172495590729628,-0.0231940034415918,0.0638282641051041,-0.0564579811250693,-0.0497124624899418
migration_alpha,1,viability_log_odds,static_viability,equal,True,93,2000-03-31,2019-07-31,-0.0001437238451919,-0.0017246861423034,-0.0184845421136428,-0.2529006907617283,0.5376344086021505,1.9826980315189109,1.0,0.0007412297024279,0.0025077521115772,0.2955753477410913,0.7675544025000096,0.0498474981618889,False,0.0166298873272035,-0.1161322521219327,-0.0235947043116978,-0.1407754064772521,-0.0349543632727025,-0.0736753834181943
migration_alpha,1,viability_log_odds,static_viability,value,False,93,2000-03-31,2019-07-31,-0.0034147206773432,-0.0409766481281185,-0.2168754626048303,-0.4122897055910804,0.4731182795698925,1.9853995815490848,1.0,-0.0021221085058897,0.0058697986273463,-0.3615300354603644,0.7177032561000043,0.0288230472352067,False,0.1660630049887783,-0.1050897740855679,0.063288906390845,-0.10345508222527,-0.3606918753849127,0.0056078645386996
migration_alpha,1,viability_log_odds,static_viability,value,True,93,2000-03-31,2019-07-31,-0.0058990295303575,-0.0707883543642905,-0.3562249593834297,-0.6248467459359671,0.5376344086021505,1.9829722845454945,1.0,-0.004444588896014,0.0055839064842389,-0.7959640636101776,0.4260529232067568,0.0338988318922327,False,0.2238812888976645,-0.0408967808726667,0.0202104358612246,0.0335840042494933,-0.3262592645587287,-0.1084455909486648
migration_alpha,3,migration_surprise,migration_surprise,equal,False,97,2002-04-30,2019-09-30,0.0012543918595396,0.0150527023144757,0.2406556594012333,-0.1761502138604105,0.5360824742268041,0.961191394660054,2.0721649484536084,0.0019666581264927,0.0017237803891686,1.1408983063330953,0.2539122443245706,0.0612055167484144,False,0.0273007704593138,0.1269332814440094,-0.0055313685141836,-0.0083673788753898,-0.0411407927403342,-0.0623644910465357
migration_alpha,3,migration_surprise,migration_surprise,equal,True,97,2002-04-30,2019-09-30,0.0040908137272416,0.0490897647268999,0.6017413715822525,-0.0942049203324311,0.5670103092783505,0.962271160397212,2.0721649484536084,0.0048830756292498,0.0020298296913407,2.405657799805116,0.0161433783632012,0.1263487854224771,False,0.0650878457428637,0.2701328537255448,-0.0714593761478697,-0.1574214850818508,-0.080791217195934,-0.0037074790493952
migration_alpha,3,migration_surprise,migration_surprise,value,False,97,2002-04-30,2019-09-30,0.001003444108653,0.0120413293038363,0.0854142463764843,-0.3062226393258381,0.5154639175257731,0.9608492263575932,2.0721649484536084,0.0014376699132782,0.0047812157827418,0.3006912841013322,0.763649915670329,0.0634541194960919,False,0.0426784321748067,-0.1643275592860469,0.0582066159983054,-0.380612877677004,-0.1309767488559637,-0.0074479311404392
migration_alpha,3,migration_surprise,migration_surprise,value,True,97,2002-04-30,2019-09-30,0.0016391656314963,0.0196699875779562,0.1544732556119221,-0.346689714710761,0.5154639175257731,0.9621555822212754,2.0721649484536084,0.0025041670746415,0.0049711854045665,0.5037364070833587,0.6144466208197203,0.0645831906048882,False,0.0455464066377584,0.1649452300854921,0.0017427783189386,-0.4018585543270495,0.0168908636307658,-0.0241418454710059
migration_alpha,3,velocity_log_odds,raw_migration,equal,False,103,2001-03-31,2019-09-30,0.0011556629348509,0.0138679552182111,0.1884030985491989,-0.2167414600715116,0.4951456310679611,0.9665652244865536,2.067961165048544,0.0012185640718811,0.0024063628990978,0.5063924781827508,0.6125811538952797,0.0535453310548361,False,0.0564049911446442,0.1547424349191468,-0.0558867808087671,-0.0537837960303517,-0.0058845401022899,0.0174502015745713
migration_alpha,3,velocity_log_odds,raw_migration,equal,True,103,2001-03-31,2019-09-30,0.0036442596847065,0.0437311162164784,0.5653988177144673,-0.186103110292526,0.5436893203883495,0.966222721414712,2.067961165048544,0.0036548157625502,0.0023918145502004,1.5280514796784548,0.12649975689585,0.0850203116451552,False,0.046264902534741,0.1577216306773491,0.0706112123727221,-0.0754712931067037,0.0712045441308941,0.0437030758898555
migration_alpha,3,velocity_log_odds,raw_migration,value,False,103,2001-03-31,2019-09-30,0.0007098084187565,0.0085177010250787,0.065572513558894,-0.3281412530126888,0.4951456310679611,0.9672341233486904,2.067961165048544,0.0016229600450368,0.0040513806201258,0.4005943151760644,0.6887188317652022,0.0431137041328681,False,0.0206395298450651,0.1289923208211106,-0.1617284050440036,-0.1059246410813301,-0.2142713276036434,-0.0156269691036311
migration_alpha,3,velocity_log_odds,raw_migration,value,True,103,2001-03-31,2019-09-30,0.0012796302667373,0.0153555632008484,0.1172516201864977,-0.3227689818423268,0.5242718446601942,0.9670168281068634,2.067961165048544,0.0015175974289684,0.0043292324552279,0.3505465332857894,0.7259285742164768,0.0178327324650913,False,0.0399363185008635,0.0934799071746806,0.0934432783508214,-0.0931002979080966,-0.0108202268876357,0.0376205235553784
migration_alpha,3,viability_log_odds,static_viability,equal,False,133,2000-03-31,2019-09-30,0.0019712675406695,0.0236552104880351,0.3394624734717656,-0.124116447971887,0.5864661654135338,0.9546974364148172,2.097744360902256,0.0016879941535175,0.001534802098179,1.099812253006644,0.2714139325222966,0.0356607489597797,False,0.0358535868192686,-0.1265238037305704,-0.0059137361386388,-0.0240424461892389,0.0247043687172295,-0.0227530729718355
migration_alpha,3,viability_log_odds,static_viability,equal,True,133,2000-03-31,2019-09-30,0.0028304622303003,0.0339655467636046,0.3814247113068717,-0.1478052634743706,0.556390977443609,0.9553201774280105,2.097744360902256,0.0021634943642541,0.0021245448549573,1.0183331075387176,0.3085196797421784,0.042285825211707,False,0.0763392807210558,-0.111299143574759,-0.0314374403180931,0.0082656789918193,0.105488073938401,-0.0644739767440676
migration_alpha,3,viability_log_odds,static_viability,value,False,133,2000-03-31,2019-09-30,0.0057753304850422,0.069303965820507,0.5003801529374462,-0.203413648910673,0.5488721804511278,0.957209231208508,2.097744360902256,0.0053787956743854,0.003547129164076,1.5163799866268897,0.1294232966644849,0.0471187404856308,False,0.1785606325626697,0.0516184882387485,0.0321783087433235,-0.1358162534394259,-0.1929613673677231,0.0116830967930022
migration_alpha,3,viability_log_odds,static_viability,value,True,133,2000-03-31,2019-09-30,0.0058571276657027,0.0702855319884335,0.4911708446190017,-0.2471687999238585,0.5488721804511278,0.955511948341336,2.097744360902256,0.0054679216744649,0.0036664234858404,1.4913502751610348,0.1358695558424977,0.0276291146043103,False,0.1070675377583264,-0.0149463161090286,0.084990523880156,-0.0435324952609802,0.0712082153055785,-0.0983511683914596
migration_alpha,6,migration_surprise,migration_surprise,equal,False,142,2002-04-30,2019-12-31,0.0006188019329408,0.0074256231952897,0.1230433489845723,-0.28662284382139,0.5492957746478874,0.695555624051821,2.830985915492957,0.0011942127256726,0.0017151864375689,0.6962582606269364,0.4862671075527333,0.0514401487020005,False,-0.0104724557427885,0.1185488030991017,-0.0642233008757914,-0.0330920850933556,0.0454478637459628,-0.060613386229859
migration_alpha,6,migration_surprise,migration_surprise,equal,True,142,2002-04-30,2019-12-31,0.0019949489798441,0.0239393877581298,0.317937096796992,-0.2781555194455322,0.5915492957746479,0.6962932105060767,2.830985915492957,0.0027899443689307,0.001714202652489,1.6275464075847372,0.1036211007337826,0.0797962966705767,False,0.0185365494646694,0.2008124373102812,-0.1226352748848512,-0.0376328329811214,-0.0761400123336916,-0.0141796474582003
migration_alpha,6,migration_surprise,migration_surprise,value,False,142,2002-04-30,2019-12-31,0.0013105763588787,0.0157269163065452,0.1169385498175756,-0.3676920896249024,0.5,0.695321889366337,2.830985915492957,0.0023155010339891,0.0036752039582793,0.63003334244154,0.528672769636152,0.0345368426298242,False,-0.0779836983482187,-0.0300071541632971,-0.0011475599301753,-0.2838257063401542,0.0579817649207869,0.0393128741869611
migration_alpha,6,migration_surprise,migration_surprise,value,True,142,2002-04-30,2019-12-31,0.0008005473479053,0.0096065681748639,0.0805184665975324,-0.3481885781518511,0.5915492957746479,0.6962142592168807,2.830985915492957,0.0010332025321023,0.0032427145087289,0.3186227246712763,0.7500126191150092,0.0255120185824266,False,0.0572734264137633,0.1305761332309257,-0.0343127645839001,-0.1857591761631599,0.0058416315842751,-0.0140929889285057
migration_alpha,6,velocity_log_odds,raw_migration,equal,False,151,2001-03-31,2019-12-31,0.0033502380501775,0.0402028566021308,0.6392753176332094,-0.1947819896101178,0.5364238410596026,0.6981647999257065,2.8211920529801326,0.003495118967833,0.0020223957340691,1.728207248934739,0.0839510745832554,0.0234500595145993,False,-0.0121625404934851,0.1100006056834136,-0.0208007006464557,-0.0313956082286433,0.0412492950775091,-0.0057182372539678
migration_alpha,6,velocity_log_odds,raw_migration,equal,True,151,2001-03-31,2019-12-31,0.0045491351697283,0.0545896220367403,0.7495473479829362,-0.2308530436605074,0.5364238410596026,0.6979311720025296,2.8211920529801326,0.0045504394013598,0.0020549572423849,2.214371816358889,0.026803212019338,0.0366327450811752,False,-0.0234859507712754,0.1551962397483645,-0.0035142394514051,-0.0097288693983299,0.0503291904835535,0.011178278656989
migration_alpha,6,velocity_log_odds,raw_migration,value,False,151,2001-03-31,2019-12-31,0.0062598982745149,0.0751187792941789,0.6145883271350778,-0.1676076465747957,0.5894039735099338,0.698621068685972,2.8211920529801326,0.0060905191103975,0.0029469748590513,2.066702093399613,0.0387622338022658,0.0158093840666326,False,-0.063803555007423,0.0693014443366579,0.0710717468769613,0.0870269570887976,0.0125246123550456,0.034612794399508
migration_alpha,6,velocity_log_odds,raw_migration,value,True,151,2001-03-31,2019-12-31,0.00399774902615,0.0479729883138006,0.4099392390448718,-0.3599597421922634,0.5695364238410596,0.6984728474283017,2.8211920529801326,0.0032083204605732,0.0036965898709397,0.8679135561656456,0.3854416571872113,0.028461598861096,False,-0.0374736601682698,0.0767569669203504,0.1032437325776348,0.1303939721265675,0.0337687874895637,0.0522939529491776
migration_alpha,6,viability_log_odds,static_viability,equal,False,193,2000-03-31,2019-12-31,0.0024047362391796,0.0288568348701562,0.4413214885856397,-0.2050754713605231,0.5958549222797928,0.7003873525552886,2.89119170984456,0.0026618797568462,0.0014873339858599,1.789698737575172,0.0735023554706394,0.0377242088975814,False,0.0102839143373978,-0.0511129849807861,-0.0560725034263953,-0.1119682587649627,0.0033468062561924,0.0270950634539351
migration_alpha,6,viability_log_odds,static_viability,equal,True,193,2000-03-31,2019-12-31,0.0043698374873513,0.0524380498482156,0.6685416741247642,-0.1096627464738182,0.5492227979274611,0.7008164953260383,2.89119170984456,0.0042417370554255,0.0016108376174609,2.633249316657724,0.0084572241214068,0.0279752299419074,False,0.0519193775404739,-0.0195438580212335,-0.0732747645441789,-0.1020154504571361,0.0505545247864921,-0.0258768833297291
migration_alpha,6,viability_log_odds,static_viability,value,False,193,2000-03-31,2019-12-31,0.0042473488612129,0.0509681863345556,0.3935882582512109,-0.2938562406428973,0.5440414507772021,0.7021182785012,2.89119170984456,0.0046067062089606,0.0029390574854643,1.567409358865541,0.1170190377981005,0.0376644147838608,False,0.0710681353307873,0.1319847421121137,-0.0676586661397902,-0.2703187058413335,-0.0729333820158582,0.0284607877013952
migration_alpha,6,viability_log_odds,static_viability,value,True,193,2000-03-31,2019-12-31,0.0081090090808382,0.0973081089700587,0.7160195313895177,-0.1977274753488617,0.5647668393782384,0.700948648338848,2.89119170984456,0.007566084721892,0.002950283730883,2.5645278258127084,0.0103316294801819,0.0218725407847849,False,0.0906250005990607,0.0226425249856429,0.0060900147321194,-0.2040222776080285,0.0768109028494229,0.0076373487640496
migration_alpha,12,migration_surprise,migration_surprise,equal,False,193,2002-04-30,2020-06-30,0.000654337893702,0.0078520547244249,0.1819108223078099,-0.2603264843193855,0.5025906735751295,0.238830291339169,4.16580310880829,0.0004593740167139,0.0011442595753644,0.401459622103354,0.6880817604655953,0.0478328009852514,False,0.0251382030551913,0.0857689260885705,-0.026170124069549,-0.0078421219218579,0.018703398842587,-0.0310288966121148
migration_alpha,12,migration_surprise,migration_surprise,equal,True,193,2002-04-30,2020-06-30,0.0013609517108678,0.0163314205304146,0.3003471686290535,-0.2575737791258771,0.5129533678756477,0.2394719185936081,4.16580310880829,0.0015491279133948,0.001347774694111,1.1493967947043628,0.2503924011458343,0.0670428037731332,False,0.0190681184527869,0.1252984444629785,-0.0465584857904156,0.0038415433545549,-0.0240954876729615,-0.0600629370866995
migration_alpha,12,migration_surprise,migration_surprise,value,False,193,2002-04-30,2020-06-30,0.0029730411139196,0.0356764933670356,0.3571525453932394,-0.3331712398320045,0.5440414507772021,0.2400290599550864,4.16580310880829,0.0032460802707314,0.0024936500080967,1.3017385199172065,0.1930057868822087,0.0104017825870489,False,0.0012193918791604,0.0149432302740537,0.0750422710418188,-0.1063148393693579,-0.0274867954993307,-0.0220644778836707
migration_alpha,12,migration_surprise,migration_surprise,value,True,193,2002-04-30,2020-06-30,0.0030558071929769,0.0366696863157233,0.3746026818363116,-0.2854365866881038,0.5595854922279793,0.2412185004486195,4.16580310880829,0.0035571749968884,0.0023841780480439,1.4919921772649885,0.1357011961107053,0.0314156927494014,False,0.0271362861917404,0.1018982686168006,-0.018029240669675,-0.0622911170744613,0.0069516906427278,-0.1179573580884673
migration_alpha,12,velocity_log_odds,raw_migration,equal,False,206,2001-03-31,2020-06-30,0.0019396611635653,0.0232759339627847,0.5204764968621239,-0.1601483654510808,0.5388349514563107,0.2443242153897403,4.135922330097087,0.0018804522355933,0.0012118378582033,1.551735838968873,0.1207254435960452,0.0182994072869868,False,-0.000678085880468,0.0609360868134674,-0.0141025352537067,0.0278871181328927,-0.0103054033816974,-0.0029287219696374
migration_alpha,12,velocity_log_odds,raw_migration,equal,True,206,2001-03-31,2020-06-30,0.0025974361820965,0.0311692341851586,0.6297726019588694,-0.0804930258362089,0.558252427184466,0.2443134577163485,4.135922330097087,0.0026635647545326,0.00117611363309,2.264717183436189,0.023530040318353,0.0402299754822254,False,-0.0107977895953026,0.0913945057603283,0.0037069004326949,0.0469392176173588,-0.0106976219114373,-0.0284115384993722
migration_alpha,12,velocity_log_odds,raw_migration,value,False,206,2001-03-31,2020-06-30,0.0038440530043556,0.0461286360522674,0.5492770803515244,-0.2778934639292312,0.5533980582524272,0.2452204554516758,4.135922330097087,0.0042004702961999,0.0020282815120194,2.070950344569173,0.0383634366730789,0.0210233301696939,False,-0.0293864881592981,0.0139402431411011,0.0636350225208347,0.0785505802978012,-0.0089178079764843,-0.0663717075885091
migration_alpha,12,velocity_log_odds,raw_migration,value,True,206,2001-03-31,2020-06-30,0.0039596203078484,0.0475154436941815,0.5265175839721145,-0.193713472369389,0.5485436893203883,0.2453913693052122,4.135922330097087,0.0043828255035566,0.0018228141896886,2.4044280148517125,0.0161977959753522,0.0327180950949237,False,-0.0557717117829728,0.0797537244742174,0.0793609479589802,0.077819379507896,-0.0050199906066355,-0.0677347381438009
migration_alpha,12,viability_log_odds,static_viability,equal,False,244,2000-03-31,2020-06-30,0.0021972415139368,0.0263668981672421,0.6259066162174092,-0.1279462759783886,0.5983606557377049,0.1697461176982414,4.573770491803279,0.0022828254543054,0.0009432164977018,2.4202560704435983,0.0155095810343038,0.0560282783919874,False,0.0157137193863951,-0.0063487940002559,-0.0739252297194902,-0.0857524414131194,0.0559981562837137,0.0011759120472831
migration_alpha,12,viability_log_odds,static_viability,equal,True,244,2000-03-31,2020-06-30,0.0026008794507771,0.031210553409326,0.6728536580628413,-0.1109353303570485,0.5368852459016393,0.170957417095686,4.573770491803279,0.0027698936415583,0.0008922561514534,3.104370462502534,0.0019068440633054,0.0441350037596359,False,0.0183836536082532,0.0046769948817277,-0.0748123182033364,-0.083893374482235,0.0343577650735791,-0.0129535380001688
migration_alpha,12,viability_log_odds,static_viability,value,False,244,2000-03-31,2020-06-30,0.0046862892890979,0.0562354714691756,0.608862035943694,-0.2521205079410592,0.5819672131147541,0.1748666553561818,4.573770491803279,0.0041858999793485,0.0020064478881452,2.086224119789151,0.0369583263769224,0.0570729537847888,False,0.1010069692575439,0.1434931677457998,-0.0601577339900442,-0.1434041276365295,0.0407704930509473,-0.0375063639159644
migration_alpha,12,viability_log_odds,static_viability,value,True,244,2000-03-31,2020-06-30,0.0066318963798194,0.0795827565578338,0.8981031822160443,-0.1298215001392327,0.6188524590163934,0.175988247315903,4.573770491803279,0.0061000130177347,0.00184673961552,3.303125663450285,0.0009561353062144,0.0437547608531382,False,0.0886136935289062,0.0913617320894376,-0.0480771040245961,-0.139468718013092,0.0767085499398078,-0.0185969421131259
regime_shift,1,migration_surprise,migration_surprise,equal,False,69,2002-03-31,2019-07-31,-0.002532042023948,-0.0303845042873768,-0.4420734446864158,-0.2171393296454341,0.5362318840579711,1.980911042707718,1.0,-0.0013915588750917,0.0020845592764813,-0.6675554352383871,0.504417412663493,0.1075967963702347,False,0.0229409608404983,-0.059397232490939,-0.1994916716016935,-0.0358991777635765,0.135573839128912,-0.0754652465911191
regime_shift,1,migration_surprise,migration_surprise,equal,True,69,2002-03-31,2019-07-31,-0.0023231689932839,-0.0278780279194073,-0.3519074034425079,-0.2443825222045643,0.5507246376811594,1.980683905887844,1.0,-0.0018996807058302,0.0027730708068879,-0.6850458708489221,0.493314975602929,0.1262475922677816,False,0.0622244867558246,-0.094583721963856,-0.2164605374973242,0.0862164021890115,0.2556385472439327,-0.066661204290407
regime_shift,1,migration_surprise,migration_surprise,value,False,69,2002-03-31,2019-07-31,0.0026584225414199,0.0319010704970392,0.1782102950226315,-0.4104777412480617,0.6086956521739131,1.981063606886532,1.0,0.003835687139584,0.006585151097497,0.5824751904389843,0.5602466479185307,0.0842760910208179,False,-0.0616415436962177,0.0596541476076099,-0.188874355899528,-0.173273693541847,0.592609426678689,-0.171979444950808
regime_shift,1,migration_surprise,migration_surprise,value,True,69,2002-03-31,2019-07-31,7.975808022886605e-05,0.0009570969627463,0.0052197329958619,-0.4449306457134963,0.5652173913043478,1.9799376549145185,1.0,0.0005085538766247,0.0069824256593475,0.0728334108282206,0.941938683554724,0.1454523525759662,False,0.0258418453091454,-0.1412937176779541,-0.239972424704402,-0.0643745822854988,0.9193167371278166,-0.2215640798210293
regime_shift,1,velocity_log_odds,raw_migration,equal,False,73,2001-03-31,2019-07-31,-0.0011134380957724,-0.0133612571492689,-0.1647891498468225,-0.1900285269129027,0.5068493150684932,1.984936524662552,1.0,5.592804965309045e-05,0.0028887173394779,0.019360859191297,0.984553234391736,0.0543683993973883,False,-0.0089648443432595,-0.0233727814150183,-0.0166786168663243,-0.0838731565677286,0.0653480304411203,-0.1322301575950413
regime_shift,1,velocity_log_odds,raw_migration,equal,True,73,2001-03-31,2019-07-31,-0.0012959063870715,-0.0155508766448583,-0.1741661962603812,-0.2309963901386905,0.5068493150684932,1.9847051655395933,1.0,0.0002701736785484,0.0028063347426966,0.0962727911385331,0.9233039202162948,0.0399456326756388,False,-0.0384117990121603,-0.0624870049101432,-0.0246827692122056,-0.0535609851129962,0.1203550672058978,-0.1088246403374343
regime_shift,1,velocity_log_odds,raw_migration,value,False,73,2001-03-31,2019-07-31,0.0036600290922789,0.0439203491073477,0.2377403439105562,-0.3483425769863278,0.547945205479452,1.985541894459809,1.0,0.0050536607163362,0.0065163821182158,0.7755316715097622,0.4380255581689521,0.200612137022501,False,0.0424899152006446,-0.0549518031553712,-0.2889527259684423,-0.118338885557445,0.9742099668343256,-0.2849119956704879
regime_shift,1,velocity_log_odds,raw_migration,value,True,73,2001-03-31,2019-07-31,0.0020465233848141,0.0245582806177701,0.1241804140681914,-0.4431080900386831,0.5068493150684932,1.985462720610096,1.0,0.0019330300708165,0.0070934580627208,0.2725088459993069,0.7852307904423854,0.1682141385069302,False,0.1331620483163754,-0.2783946476354985,-0.1004384116459699,-0.1713354097264348,0.9147700971395092,-0.275338980115495
regime_shift,1,viability_log_odds,static_viability,equal,False,92,2000-03-31,2019-07-31,0.001041859309767,0.0125023117172041,0.1783683773633012,-0.1401766576574397,0.5108695652173914,1.980627811509878,1.0,0.0011371783878181,0.0019265765862249,0.5902585944150873,0.5550172942111662,0.0249059747659409,False,0.0217210104073075,-0.0072251237048688,0.0086452670117779,0.1334759496720952,0.0085157012007418,-0.0359749102408548
regime_shift,1,viability_log_odds,static_viability,equal,True,92,2000-03-31,2019-07-31,0.0036096542265975,0.0433158507191704,0.4755990403769514,-0.131825771806551,0.5652173913043478,1.9828959879249397,1.0,0.0036876099656655,0.0028826676133747,1.2792352293951677,0.20081423346308,0.0343743754955698,False,0.045437543094325,0.0553101584500784,-0.0675219634286384,0.1692784554603173,-0.0150886214544661,-0.0641291768370525
regime_shift,1,viability_log_odds,static_viability,value,False,92,2000-03-31,2019-07-31,0.0025029176528908,0.0300350118346896,0.1586575903762638,-0.4706984501735296,0.532608695652174,1.9814513235968985,1.0,0.0024952661979155,0.0060863264818312,0.4099790251746004,0.681821333973462,0.0544399728711427,False,-0.0384117898714514,0.2181749536687613,-0.4010021847771996,0.0197334095783482,0.288943624253496,0.047500083713247
regime_shift,1,viability_log_odds,static_viability,value,True,92,2000-03-31,2019-07-31,0.0001018323529329,0.0012219882351955,0.0068710039070169,-0.5256191214179364,0.5543478260869565,1.9839058060078885,1.0,0.0008661420150544,0.0059966258569521,0.1444382283831038,0.8851544314065009,0.0810513158711969,False,-0.0290287861273698,0.4025923671095726,-0.4069293058530169,0.0215330904781732,0.1877801729969211,-0.1397700112851232
regime_shift,3,migration_surprise,migration_surprise,equal,False,99,2002-03-31,2019-09-30,-0.0022883667950903,-0.0274604015410838,-0.3139643980033614,-0.2656156931513443,0.494949494949495,0.9564380449630006,2.090909090909091,-0.0030818431171005,0.0025583804847707,-1.2046070298948286,0.2283550415785532,0.0595735292709798,False,0.0297885820473763,0.0764271185550218,-0.0463328565368872,0.1113254249894826,0.2297525301051873,-0.0705825728118536
regime_shift,3,migration_surprise,migration_surprise,equal,True,99,2002-03-31,2019-09-30,-0.0018302987929527,-0.0219635855154324,-0.2333901300272536,-0.3025448137889834,0.4848484848484848,0.956262295798374,2.090909090909091,-0.0032818002847494,0.002953163798379,-1.1112828508025063,0.2664466186834597,0.1110438804272504,False,0.0284105922971124,0.220732766202736,-0.0517472358825597,0.1439403517684418,0.2569444310630251,-0.0969559803200457
regime_shift,3,migration_surprise,migration_surprise,value,False,99,2002-03-31,2019-09-30,0.0053588355956442,0.0643060271477305,0.4349940571862124,-0.2852062941835028,0.5252525252525253,0.9564989230302232,2.090909090909091,0.0042965916204467,0.0041936857894722,1.0245382787696773,0.3055811002661571,0.0618744948518752,False,0.1064579288409029,-0.0549066989986997,-0.0824379129826143,0.1876862091319487,0.427600601338566,-0.1060807135610781
regime_shift,3,migration_surprise,migration_surprise,value,True,99,2002-03-31,2019-09-30,0.0022665319033272,0.027198382839927,0.179661575246915,-0.2470955649680375,0.5050505050505051,0.9557141495900374,2.090909090909091,-0.0007519328670971,0.0038009663891087,-0.1978267603869724,0.8431806081594543,0.1445376967750979,False,0.1350184002569628,0.176634741948314,-0.0789877387908056,0.231799375510466,0.6296537936910713,-0.1300166412486642
regime_shift,3,velocity_log_odds,raw_migration,equal,False,105,2001-03-31,2019-09-30,0.0034531804313153,0.0414381651757841,0.5017260809140218,-0.1645961334881627,0.6,0.960955869527298,2.085714285714286,0.0036684446127304,0.0022004967766579,1.6670983805311252,0.0954948441212539,0.028907744010702,False,-0.0370923678079973,0.013713063031709,-0.0119833231677602,0.085996807715455,0.140954520658748,-0.0440690687361642
regime_shift,3,velocity_log_odds,raw_migration,equal,True,105,2001-03-31,2019-09-30,0.0031353477757375,0.0376241733088503,0.4089903132291987,-0.1446014625186312,0.5523809523809524,0.9607950198513364,2.085714285714286,0.0038362263281166,0.0024013491447252,1.5975295956205595,0.1101477060016298,0.0482377007757786,False,-0.0768874568705251,-0.1072653435672115,0.0200220650415379,0.0999166780909213,0.1909040232299502,-0.0230911494155861
regime_shift,3,velocity_log_odds,raw_migration,value,False,105,2001-03-31,2019-09-30,0.0067776764398654,0.0813321172783856,0.5449108485023574,-0.2640735824277734,0.5428571428571428,0.9613767456720576,2.085714285714286,0.0070968480958435,0.0041033098077459,1.7295423519926838,0.083712073395392,0.0902696578491907,False,0.0256467192762518,-0.0633388446097154,-0.1492834691694982,0.4169712421478062,0.4632019205324942,-0.1369507163741296
regime_shift,3,velocity_log_odds,raw_migration,value,True,105,2001-03-31,2019-09-30,0.0039451389380197,0.047341667256237,0.3007276536630657,-0.2859794497762769,0.5333333333333333,0.9613217009955908,2.085714285714286,0.004586239678655,0.0044521317487271,1.0301221835958227,0.3029526528424768,0.0465078420001273,False,-0.0072259818235201,-0.1505665878125222,-0.0775516274483461,0.1518595100694759,0.4510454110376486,-0.0862552424239472
regime_shift,3,viability_log_odds,static_viability,equal,False,132,2000-03-31,2019-09-30,0.0015343780559377,0.0184125366712524,0.2350484558621341,-0.2415080087323869,0.4924242424242424,0.956228079431786,2.090909090909091,0.0019446235668963,0.0023094109976117,0.8420430875696667,0.3997638358233769,0.0146315339304694,False,-0.0089653808867717,-0.0426658456261284,-0.0144397609532506,0.0521481377433739,0.0667104472763643,-0.0636983343548367
regime_shift,3,viability_log_odds,static_viability,equal,True,132,2000-03-31,2019-09-30,0.0025214844554941,0.0302578134659301,0.3303956827865306,-0.2141197662277331,0.5227272727272727,0.9577963565237684,2.090909090909091,0.0030595621279159,0.0025117230338283,1.2181128598612374,0.2231810876299832,0.0200779710721645,False,-0.0194084921255814,-0.0458177288862024,-0.0751679720836171,0.0422827190444959,0.1146427452678493,-0.0722215796491332
regime_shift,3,viability_log_odds,static_viability,value,False,132,2000-03-31,2019-09-30,0.0011691127819952,0.0140293533839433,0.0927641346705493,-0.2970964583241392,0.5303030303030303,0.9567691701551778,2.090909090909091,0.0012903052070195,0.0035392308582773,0.3645722075466947,0.715430764123169,0.0742238477895828,False,0.1816650556087083,-0.1387324193652788,-0.2297166217131551,-0.0364564818984359,0.2591665547603419,-0.1240911944848667
regime_shift,3,viability_log_odds,static_viability,value,True,132,2000-03-31,2019-09-30,0.00022883125863,0.0027459751035606,0.018952569816277,-0.4621364312869936,0.5303030303030303,0.9584798432010244,2.090909090909091,0.0007327573604717,0.0037757906771566,0.1940672624954909,0.8461232150160565,0.0882606934320598,False,0.1242431475046727,-0.1168032954787479,-0.2416017280424002,0.0082568299514144,0.3824588847905524,-0.2079203543921306
regime_shift,6,migration_surprise,migration_surprise,equal,False,144,2002-03-31,2019-12-31,-0.0025555512998021,-0.0306666155976257,-0.4379607542000833,-0.4162786404251819,0.4861111111111111,0.6992146944506012,2.875,-0.0019282320593565,0.0019323467077687,-0.9978706469208292,0.3183420872069711,0.0360812627888741,False,-0.0116400850161577,-0.003484608610975,-0.1354471820995505,0.0524464893532871,0.068171769027416,-0.0403211711441713
regime_shift,6,migration_surprise,migration_surprise,equal,True,144,2002-03-31,2019-12-31,-0.0021422256571567,-0.0257067078858813,-0.359492991244665,-0.3637633015448061,0.5486111111111112,0.699095066015703,2.875,-0.0019872681837542,0.0019889768321661,-0.9991409410183832,0.3177264206813852,0.0497240029010872,False,-0.0064800326811786,0.0527375821755662,-0.1474140165316521,0.0602851426700396,0.1052522368049043,-0.0485187981708983
regime_shift,6,migration_surprise,migration_surprise,value,False,144,2002-03-31,2019-12-31,0.001632807078287,0.0195936849394442,0.1362675619981939,-0.5547372503616148,0.5,0.699259673121597,2.875,0.0005769660463715,0.0034074762783577,0.169323569480472,0.8655421378817363,0.0469307241121229,False,0.0400142749444578,0.0256864686844244,-0.1691439499873973,0.1035967915109417,0.3692154483838488,-0.102120040867441
regime_shift,6,migration_surprise,migration_surprise,value,True,144,2002-03-31,2019-12-31,-0.0008692602953216,-0.0104311235438603,-0.0713750140972508,-0.5665782050743424,0.4791666666666667,0.6987201426901564,2.875,-0.0024591428551486,0.003306747183913,-0.7436742872609431,0.4570735487756467,0.0796728993998824,False,0.056378376330257,0.130750593008513,-0.2395468214292994,0.0527889905049433,0.4498545508466434,-0.1316829370938841
regime_shift,6,velocity_log_odds,raw_migration,equal,False,153,2001-03-31,2019-12-31,-0.0007172007270506,-0.0086064087246075,-0.1213043899643173,-0.3883763414211361,0.5163398692810458,0.7008738538150303,2.862745098039216,-0.0002627002714513,0.0021543399312933,-0.1219400279572395,0.9029465144280778,0.0096929904593219,False,-0.0317898202315309,-0.0008597459057629,-0.0477433146145345,0.0352064631508585,0.0128808729655461,-0.0016708475191187
regime_shift,6,velocity_log_odds,raw_migration,equal,True,153,2001-03-31,2019-12-31,-0.0009202654988987,-0.0110431859867853,-0.1485333641804695,-0.332895619592656,0.5032679738562091,0.7007634667825076,2.862745098039216,-0.0003264681074068,0.0020159780857449,-0.1619403056587491,0.8713528623827194,0.0231283284961072,False,-0.0521927448268532,-0.0661042213306521,-0.0223342953063091,0.0311593688264347,0.1136781996484512,0.0036193330124128
regime_shift,6,velocity_log_odds,raw_migration,value,False,153,2001-03-31,2019-12-31,0.0031314536811915,0.0375774441742987,0.2993490879666619,-0.3742178129529584,0.5163398692810458,0.7011626903849634,2.862745098039216,0.0032774254762437,0.0033314383755523,0.9837869132729536,0.3252202951878034,0.0398698320473566,False,-0.0206581282833388,-0.0629868896732266,-0.1750299799026897,0.1088012098153535,0.2897615551703192,0.0054864124610152
regime_shift,6,velocity_log_odds,raw_migration,value,True,153,2001-03-31,2019-12-31,0.0022770118592845,0.0273241423114145,0.1981644898789012,-0.4419007653818066,0.5163398692810458,0.7011249146266036,2.862745098039216,0.0020750253776553,0.0037069410642355,0.559767566221949,0.5756379891374409,0.0454451022898085,False,-0.0355016253869633,-0.0792069554088518,-0.1078932712809867,-0.0238215088596103,0.4015192123651313,0.0681056371473207
regime_shift,6,viability_log_odds,static_viability,equal,False,192,2000-03-31,2019-12-31,-9.53869051051114e-05,-0.0011446428612613,-0.0192014984584557,-0.214749569490626,0.4947916666666667,0.6994184290054882,2.875,0.0001976191811632,0.0013178943925645,0.1499506958055116,0.8808035143746462,0.0318874027002362,False,-0.003987307207589,-0.006568318901651,0.0144616615139681,-0.004826900814122,-0.0055319377743811,-0.0845190710883709
regime_shift,6,viability_log_odds,static_viability,equal,True,192,2000-03-31,2019-12-31,0.0011855493758314,0.0142265925099771,0.2025847712859236,-0.221663216183335,0.5520833333333334,0.7004974839093739,2.875,0.0017897343676701,0.0014981892512582,1.1945983233873878,0.232244004628361,0.034852171385899,False,-0.0086939709067387,-0.017142020048723,-0.0383260653508008,-0.0498423168645281,0.0078925735315898,-0.0936681197037206
regime_shift,6,viability_log_odds,static_viability,value,False,192,2000-03-31,2019-12-31,0.0015601758167235,0.018722109800682,0.1425962926614381,-0.3913096636058462,0.5729166666666666,0.6997926888447564,2.875,0.0019818654588086,0.0022331840768453,0.8874617544328499,0.3748303483662158,0.0118581693512511,False,0.0403978824012772,-0.0472498623019922,-0.0430462970649379,-0.0370437582346463,-0.0543736350787321,-0.0827841899377455
regime_shift,6,viability_log_odds,static_viability,value,True,192,2000-03-31,2019-12-31,-0.0010336945104817,-0.0124043341257811,-0.0936234417653222,-0.6095527700429312,0.53125,0.7009687784074007,2.875,0.0001573746757093,0.0028940208007058,0.0543792483008195,0.9566330118445212,0.0348117353539169,False,-0.0143785601917991,0.0142454083919845,-0.1351588115551713,-0.0584259297316278,-0.0398225534572193,-0.1649941233765607
regime_shift,12,migration_surprise,migration_surprise,equal,False,195,2002-03-31,2020-06-30,0.000656415837522,0.0078769900502647,0.1724659029787113,-0.1322901666211912,0.5128205128205128,0.2505855547123133,4.246153846153846,0.0007028630795866,0.0009185123191255,0.7652190013693879,0.4441411467494038,0.0081491396064623,False,-0.0100389902903333,0.0168765321000507,-0.0164605507596867,0.0229661128238918,0.0279464498795435,-0.019700672606269
regime_shift,12,migration_surprise,migration_surprise,equal,True,195,2002-03-31,2020-06-30,0.0009745649925033,0.0116947799100403,0.229219916470591,-0.1080138466089466,0.5948717948717949,0.250697216263179,4.246153846153846,0.0006805036749509,0.0009526726568511,0.7143100728850776,0.4750354649480631,0.0213501233860582,False,0.0075336247643818,0.0400984319338049,-0.0215415040079518,0.0388743859071422,0.0496201071632731,-0.0389286851829417
regime_shift,12,migration_surprise,migration_surprise,value,False,195,2002-03-31,2020-06-30,0.0023425388376897,0.0281104660522771,0.2783244936103328,-0.3488247111818912,0.5333333333333333,0.2515488324751938,4.246153846153846,0.0012136821311882,0.002127044440089,0.5705955683452942,0.5682738232607702,0.0150418975962173,False,0.0588596723620806,0.0592937974848296,-0.0278490623270907,0.0275346176331444,0.067427559872107,-0.0245259709194669
regime_shift,12,migration_surprise,migration_surprise,value,True,195,2002-03-31,2020-06-30,0.001589226684606,0.0190707202152727,0.1850886722267818,-0.356655325318079,0.517948717948718,0.2516386853512163,4.246153846153846,-0.0002833896714721,0.002582976923369,-0.1097143644251085,0.912635908028346,0.0451086635848028,False,0.0740462621520339,0.0654222920377023,0.0271668823616105,0.0257145004745212,0.2052815520778306,-0.0604019162982079
regime_shift,12,velocity_log_odds,raw_migration,equal,False,207,2001-03-31,2020-06-30,0.0016994656726254,0.0203935880715056,0.4801178688368679,-0.1026124150257685,0.5265700483091788,0.249116007938624,4.231884057971015,0.0018772520431898,0.0008373652706188,2.241855626281696,0.0249707047195245,0.0137171991934617,False,-0.0145032202318024,-0.0329364125294993,0.0265209653695029,-0.0107213638774085,-0.0087725707536058,0.0226411914177115
regime_shift,12,velocity_log_odds,raw_migration,equal,True,207,2001-03-31,2020-06-30,0.0014268181346564,0.0171218176158777,0.3472798157942721,-0.1877065527452154,0.5555555555555556,0.2490424890225476,4.231884057971015,0.0014410477684853,0.0010648721458854,1.3532589560665669,0.1759729165030146,0.014238429714514,False,-0.0134468698494918,-0.0336093343140044,0.0250599491585686,0.0122757273770326,0.0694766115882432,-0.0046786859150028
regime_shift,12,velocity_log_odds,raw_migration,value,False,207,2001-03-31,2020-06-30,0.0011729314089011,0.0140751769068134,0.1542360473118131,-0.4722668842243437,0.5169082125603864,0.2497434946382109,4.231884057971015,0.0011929214796087,0.0026096287402914,0.4571230616794553,0.6475825951232999,0.0292232003162452,False,0.0029144309293021,-0.1004701153407706,-0.0716808662676226,0.1101907725478537,0.16618209825602,-0.0219788058779976
regime_shift,12,velocity_log_odds,raw_migration,value,True,207,2001-03-31,2020-06-30,0.0011400507485315,0.0136806089823787,0.1542083357886287,-0.3915002130412808,0.5072463768115942,0.2490823736969443,4.231884057971015,0.0007447817390555,0.0022993127935304,0.3239149284738854,0.7460024415201678,0.0330249042359223,False,-0.0030278355164037,-0.0485700824985022,-0.0552940938347321,0.0801267077154436,0.213946311408586,0.0043363167366469
regime_shift,12,viability_log_odds,static_viability,equal,False,244,2000-03-31,2020-06-30,0.0006122151304338,0.0073465815652058,0.1712467697721733,-0.1494075929575872,0.5327868852459017,0.1665380765872683,4.524590163934426,0.0005429559679577,0.0008857787029886,0.6129702217108879,0.539896029760121,0.0097993245075019,False,0.0113275454277046,0.0007802818409519,0.010848197539722,0.0134355234118928,0.0056367081630731,-0.0317191992621033
regime_shift,12,viability_log_odds,static_viability,equal,True,244,2000-03-31,2020-06-30,0.0013631754938602,0.016358105926323,0.3339275812177726,-0.1067060326083905,0.5450819672131147,0.1673536538422182,4.524590163934426,0.0014449076250002,0.0009002653030518,1.6049797988459569,0.1084982504374198,0.0082124687680585,False,0.011877664084302,-0.0099923167916329,-0.0195156117786522,-0.0030147146235763,0.0049666432484378,-0.0304362748888444
regime_shift,12,viability_log_odds,static_viability,value,False,244,2000-03-31,2020-06-30,0.0013410272793958,0.0160923273527503,0.197653382570961,-0.3352277005164205,0.5491803278688525,0.1722099699428056,4.524590163934426,0.0016699331312473,0.0016269200788926,1.0264383314907268,0.3046850178098832,0.0135001545210314,False,0.0195128102207673,-0.0293787467644335,-0.0888245928492242,0.0065272257970244,-0.0424124802796238,-0.0114050466814071
regime_shift,12,viability_log_odds,static_viability,value,True,244,2000-03-31,2020-06-30,0.0008858887862181,0.0106306654346182,0.1201049569250396,-0.4034328244541912,0.5532786885245902,0.1723893424131895,4.524590163934426,0.0018118615315289,0.0017487714633488,1.0360767941965887,0.3001663173744879,0.0286621318431653,False,-0.0156512880847426,-0.0150513048373534,-0.1455584542733486,-0.0057132552690131,-0.0559639822273313,-0.0285820210567539
