scenario,horizon_months,signal,signal_label,weighting,industry_neutral,fold,formation_cohorts,mean_long_short_excess_return,hac_standard_error,t_stat,p_value,mean_monotonicity
null_alpha,1,migration_surprise,migration_surprise,equal,False,1,11,9.61411523794887e-06,0.0043151558514781,0.0022279879496485,0.9982223242840303,-0.0181818181818181
null_alpha,1,migration_surprise,migration_surprise,equal,False,2,17,0.0055589005352878,0.0042315245956851,1.3136873979076598,0.1889514235698501,0.1705882352941176
null_alpha,1,migration_surprise,migration_surprise,equal,False,3,20,-0.004017425540233,0.0065034179526642,-0.6177406356894658,0.536746320987326,0.045
null_alpha,1,migration_surprise,migration_surprise,equal,False,4,20,0.0037819593559793,0.0050099288244277,0.7548928315186934,0.4503132873099351,0.0399999999999999
null_alpha,1,migration_surprise,migration_surprise,equal,True,1,11,-0.0051127488209843,0.0051861239189338,-0.9858516496912776,0.3242059160796424,-0.0454545454545454
null_alpha,1,migration_surprise,migration_surprise,equal,True,2,17,0.0049130641896024,0.0048145267849962,1.0204666853060833,0.3075071814290414,0.1294117647058823
null_alpha,1,migration_surprise,migration_surprise,equal,True,3,20,-0.0040721345767651,0.0059161866520937,-0.6883039390456027,0.4912614016988305,-9.71445146547012e-18
null_alpha,1,migration_surprise,migration_surprise,equal,True,4,20,0.0053147717109534,0.0034940726387534,1.5210822041895449,0.1282392096801553,0.0199999999999999
null_alpha,1,migration_surprise,migration_surprise,value,False,1,11,-0.0010914507504497,0.0124335469841668,-0.0877827342301952,0.9300493608713544,0.009090909090909
null_alpha,1,migration_surprise,migration_surprise,value,False,2,17,-0.0045524206675776,0.007714604054942,-0.5901042535891715,0.5551207572982315,-0.0588235294117646
null_alpha,1,migration_surprise,migration_surprise,value,False,3,20,0.0080817139128145,0.0121401318437711,0.6657023182957511,0.505601391419091,0.1449999999999999
null_alpha,1,migration_surprise,migration_surprise,value,False,4,20,-0.0079413231156787,0.013567912099482,-0.5853017809558089,0.5583448175637897,0.0199999999999999
null_alpha,1,migration_surprise,migration_surprise,value,True,1,11,0.0067859882549324,0.0125665925096363,0.5400022519811009,0.5891954793850954,-1.0092936587501425e-17
null_alpha,1,migration_surprise,migration_surprise,value,True,2,17,-0.0031631968742745,0.0083080071168582,-0.3807407516365602,0.7033956268972295,-0.076470588235294
null_alpha,1,migration_surprise,migration_surprise,value,True,3,20,0.002884773322118,0.0133595399699937,0.2159335821890149,0.8290395197520655,0.055
null_alpha,1,migration_surprise,migration_surprise,value,True,4,20,-0.0088820572559007,0.0142508173085301,-0.6232665161305643,0.5331093975613077,0.1049999999999999
null_alpha,1,velocity_log_odds,raw_migration,equal,False,1,16,-0.0081875790782683,0.0046640411867436,-1.7554688628264126,0.0791791421211487,-0.1499999999999999
null_alpha,1,velocity_log_odds,raw_migration,equal,False,2,17,0.0025157615105604,0.0045177435432592,0.556862399662785,0.577621446211491,0.1294117647058823
null_alpha,1,velocity_log_odds,raw_migration,equal,False,3,20,-0.0059031134114812,0.0072724542868841,-0.8117085620087673,0.416958880242315,-0.0249999999999999
null_alpha,1,velocity_log_odds,raw_migration,equal,False,4,20,0.00363354258533,0.0055427460136425,0.6555491765970609,0.5121142353861476,0.1599999999999999
null_alpha,1,velocity_log_odds,raw_migration,equal,True,1,16,-0.0096264341553323,0.0053661736480723,-1.7939102956145216,0.0728274878817334,-0.1937499999999999
null_alpha,1,velocity_log_odds,raw_migration,equal,True,2,17,-0.001589695941118,0.0059681433909586,-0.2663635635039076,0.7899592239597903,0.0588235294117646
null_alpha,1,velocity_log_odds,raw_migration,equal,True,3,20,-0.0020660835179437,0.0068085320367842,-0.3034550629682535,0.7615430883947013,-0.0449999999999999
null_alpha,1,velocity_log_odds,raw_migration,equal,True,4,20,0.0055733601880216,0.0070426627032738,0.791371164975834,0.4287274314163879,0.0999999999999999
null_alpha,1,velocity_log_odds,raw_migration,value,False,1,16,-0.0167740757107672,0.0130094689564026,-1.2893743600896022,0.1972679707559191,-0.175
null_alpha,1,velocity_log_odds,raw_migration,value,False,2,17,0.0190338362714649,0.0127987000973675,1.4871694880466717,0.1369700524843878,0.0823529411764705
null_alpha,1,velocity_log_odds,raw_migration,value,False,3,20,0.006159428623141,0.0128086001199516,0.4808822639053816,0.6306001788974314,0.0799999999999999
null_alpha,1,velocity_log_odds,raw_migration,value,False,4,20,0.0129672629680674,0.0146778998717994,0.8834549275663999,0.3769905247748201,0.155
null_alpha,1,velocity_log_odds,raw_migration,value,True,1,16,-0.0100377847492122,0.0117623198769209,-0.8533847790441024,0.3934459594802507,-0.11875
null_alpha,1,velocity_log_odds,raw_migration,value,True,2,17,-0.0048242227595545,0.0093942633619925,-0.5135285837389268,0.6075816214706335,-0.1941176470588235
null_alpha,1,velocity_log_odds,raw_migration,value,True,3,20,0.0118487756879117,0.012810277484714,0.9249429375788631,0.3549955902631205,0.1199999999999999
null_alpha,1,velocity_log_odds,raw_migration,value,True,4,20,0.0040181472953159,0.0129683784674033,0.3098419209013483,0.7566811709798521,-0.0099999999999999
null_alpha,1,viability_log_odds,static_viability,equal,False,1,21,-0.0081274730828409,0.0048448445376294,-1.6775508521926097,0.0934348142402968,-0.1047619047619047
null_alpha,1,viability_log_odds,static_viability,equal,False,2,22,0.0015923937827491,0.0057218067566084,0.2783026149755851,0.7807800689230096,-0.0545454545454545
null_alpha,1,viability_log_odds,static_viability,equal,False,3,25,0.0033032116595715,0.0048294928516597,0.6839665697892693,0.4939962759058213,0.204
null_alpha,1,viability_log_odds,static_viability,equal,False,4,25,-0.0107166067242208,0.0039835064641483,-2.690244592464078,0.0071399666103336,-0.16
null_alpha,1,viability_log_odds,static_viability,equal,True,1,21,-0.0134257590943919,0.0056167470089215,-2.3903086738759445,0.0168342176971684,-0.2047619047619047
null_alpha,1,viability_log_odds,static_viability,equal,True,2,22,-0.0042319968097184,0.0056642121980686,-0.7471465866270696,0.454975081770899,-0.1363636363636363
null_alpha,1,viability_log_odds,static_viability,equal,True,3,25,0.0066428905110586,0.0048722433332163,1.363415177926547,0.1727517002892163,0.0599999999999999
null_alpha,1,viability_log_odds,static_viability,equal,True,4,25,-0.0072712890952045,0.0038031584938777,-1.9119079856676449,0.0558879972328137,-0.0519999999999999
null_alpha,1,viability_log_odds,static_viability,value,False,1,21,-0.0091160608307144,0.011343510262619,-0.8036366715120892,0.4216068378209765,-0.1285714285714285
null_alpha,1,viability_log_odds,static_viability,value,False,2,22,-0.0041664721793676,0.0079316154551843,-0.5252993167544886,0.5993751322990637,0.0772727272727272
null_alpha,1,viability_log_odds,static_viability,value,False,3,25,0.0028421183916468,0.0111757416216736,0.2543113904973448,0.7992550006760595,0.0639999999999999
null_alpha,1,viability_log_odds,static_viability,value,False,4,25,-0.0206852001500154,0.0131064733719105,-1.5782430225927475,0.1145097899664525,-0.1199999999999999
null_alpha,1,viability_log_odds,static_viability,value,True,1,21,-0.0191481181220832,0.0114049767137377,-1.6789265425696551,0.0931663608772621,-0.2142857142857142
null_alpha,1,viability_log_odds,static_viability,value,True,2,22,0.0002168445557508,0.0077077951736878,0.0281331497353595,0.9775559548652376,0.0727272727272727
null_alpha,1,viability_log_odds,static_viability,value,True,3,25,0.0210197757002549,0.0101997119926855,2.0608205129055324,0.0393201667462176,0.2239999999999999
null_alpha,1,viability_log_odds,static_viability,value,True,4,25,-0.0059989875521011,0.0123657432894412,-0.4851295560391856,0.627584447607227,0.0479999999999999
null_alpha,3,migration_surprise,migration_surprise,equal,False,1,11,0.0044673016228122,0.0100127657560451,0.4461606045377806,0.6554812378414828,-0.1727272727272727
null_alpha,3,migration_surprise,migration_surprise,equal,False,2,17,0.0076162123233739,0.0102655817471393,0.7419172640163632,0.4581374652075159,0.088235294117647
null_alpha,3,migration_surprise,migration_surprise,equal,False,3,20,-0.0010120677911425,0.0097828627342579,-0.1034531321387587,0.9176033449708256,0.0899999999999999
null_alpha,3,migration_surprise,migration_surprise,equal,False,4,20,0.0121852822753399,0.0092564696488384,1.3164070901338742,0.1880374439751828,0.1699999999999999
null_alpha,3,migration_surprise,migration_surprise,equal,True,1,11,0.0023392299868534,0.0139688611150836,0.1674603224687742,0.867007864718926,0.1363636363636363
null_alpha,3,migration_surprise,migration_surprise,equal,True,2,17,0.0057119132327094,0.0098445344571655,0.5802116146337291,0.5617719221347295,-0.0176470588235294
null_alpha,3,migration_surprise,migration_surprise,equal,True,3,20,-0.0027305422512749,0.0100192019158765,-0.2725309135598975,0.7852138249098413,0.03
null_alpha,3,migration_surprise,migration_surprise,equal,True,4,20,0.0250456585909931,0.0096223873800934,2.602852868177683,0.0092451620308514,0.2099999999999999
null_alpha,3,migration_surprise,migration_surprise,value,False,1,11,-0.0140642111930793,0.0244429806736478,-0.5753885494105094,0.5650285465343097,-0.1
null_alpha,3,migration_surprise,migration_surprise,value,False,2,17,-0.0130144216298747,0.0112406748763718,-1.157797176149216,0.2469468160386678,-0.0764705882352941
null_alpha,3,migration_surprise,migration_surprise,value,False,3,20,0.032254296670417,0.0255288135076784,1.2634467583350777,0.2064286691440432,0.26
null_alpha,3,migration_surprise,migration_surprise,value,False,4,20,0.0558614120294825,0.017671448959291,3.1611110191455176,0.0015716858235832,0.3149999999999999
null_alpha,3,migration_surprise,migration_surprise,value,True,1,11,0.027753639415436,0.021109078862979,1.3147726433534817,0.1885863240888192,-0.0636363636363636
null_alpha,3,migration_surprise,migration_surprise,value,True,2,17,-0.0033476618421936,0.0145652551465033,-0.2298388739861725,0.8182169761598639,-0.0647058823529411
null_alpha,3,migration_surprise,migration_surprise,value,True,3,20,0.0171274799678532,0.0224261363106143,0.7637285233010382,0.4450290393060976,0.1399999999999999
null_alpha,3,migration_surprise,migration_surprise,value,True,4,20,0.0326955329751468,0.0172033602848303,1.900531781804116,0.0573633682863787,0.1599999999999999
null_alpha,3,velocity_log_odds,raw_migration,equal,False,1,16,0.0026770516297221,0.010107225862665,0.2648651238329313,0.7911133661989275,-0.1437499999999999
null_alpha,3,velocity_log_odds,raw_migration,equal,False,2,17,0.010385010845297,0.0084682996421327,1.2263395586084274,0.2200709207105179,0.1352941176470588
null_alpha,3,velocity_log_odds,raw_migration,equal,False,3,20,-0.0053858023533075,0.0110466500833851,-0.4875507337204556,0.6258680989518344,-0.0849999999999999
null_alpha,3,velocity_log_odds,raw_migration,equal,False,4,20,0.0228665321657168,0.0096291040459068,2.374731029668034,0.017561742148783,0.125
null_alpha,3,velocity_log_odds,raw_migration,equal,True,1,16,0.0007048198582144,0.0109031287686802,0.0646438167582791,0.9484575969182696,-0.0312499999999999
null_alpha,3,velocity_log_odds,raw_migration,equal,True,2,17,0.0085815964943761,0.0110174924075226,0.7789065040350449,0.4360347923363309,0.0117647058823529
null_alpha,3,velocity_log_odds,raw_migration,equal,True,3,20,0.0013897330045686,0.0108283001169126,0.1283426751718933,0.8978777944332427,-0.0499999999999999
null_alpha,3,velocity_log_odds,raw_migration,equal,True,4,20,0.0330909560082635,0.013037877813024,2.5380630561829456,0.0111467898547068,0.185
null_alpha,3,velocity_log_odds,raw_migration,value,False,1,16,-0.0120294225762835,0.0213566934859504,-0.5632624068981982,0.5732562128530567,-0.1375
null_alpha,3,velocity_log_odds,raw_migration,value,False,2,17,0.0470896407981541,0.0183563822243565,2.5653007342412177,0.0103086413792016,0.1470588235294117
null_alpha,3,velocity_log_odds,raw_migration,value,False,3,20,0.03504859663557,0.0289910577797601,1.2089450789215066,0.2266839459163956,0.2349999999999999
null_alpha,3,velocity_log_odds,raw_migration,value,False,4,20,0.0720257339131994,0.0145544602836403,4.948705242897836,7.470878397944915e-07,0.2199999999999999
null_alpha,3,velocity_log_odds,raw_migration,value,True,1,16,0.0081161533707494,0.0137589750466955,0.5898806664889369,0.5552706566593285,0.0124999999999999
null_alpha,3,velocity_log_odds,raw_migration,value,True,2,17,0.0076487622515423,0.0135341093879716,0.5651470689560202,0.5719737355782245,-0.0823529411764706
null_alpha,3,velocity_log_odds,raw_migration,value,True,3,20,0.0357605053111457,0.0291912265991534,1.2250429145098942,0.2205590517639518,0.1
null_alpha,3,velocity_log_odds,raw_migration,value,True,4,20,0.0505316160803903,0.017792756140353,2.8400106021678835,0.0045112034472597,0.095
null_alpha,3,viability_log_odds,static_viability,equal,False,1,21,-0.0146098331831125,0.0059057785722298,-2.473820006021047,0.013367702651829,-0.1999999999999999
null_alpha,3,viability_log_odds,static_viability,equal,False,2,22,-0.0095660170645435,0.0091927668683061,-1.0406025956694562,0.2980600260485312,0.0363636363636363
null_alpha,3,viability_log_odds,static_viability,equal,False,3,25,0.0105221331252186,0.0069391884412258,1.5163348299790256,0.1294347087880523,0.2159999999999999
null_alpha,3,viability_log_odds,static_viability,equal,False,4,25,-0.0050400577950714,0.0078521812229448,-0.6418672279676696,0.5209593944394977,-0.096
null_alpha,3,viability_log_odds,static_viability,equal,True,1,21,-0.0141115471144187,0.01033782492632,-1.3650402492782394,0.1722403999746256,-0.1857142857142857
null_alpha,3,viability_log_odds,static_viability,equal,True,2,22,-0.0187269702974215,0.0116539824051473,-1.6069159576858667,0.1080728053395413,-0.0999999999999999
null_alpha,3,viability_log_odds,static_viability,equal,True,3,25,0.0197798082143477,0.0103694940493726,1.9074998375204557,0.0564558920579075,0.112
null_alpha,3,viability_log_odds,static_viability,equal,True,4,25,-0.0038814100954044,0.0080651983060421,-0.4812541425666636,0.630335884676301,-0.056
null_alpha,3,viability_log_odds,static_viability,value,False,1,21,-0.0276247762050796,0.0140470667248839,-1.9665868146082963,0.0492308647920638,-0.1999999999999999
null_alpha,3,viability_log_odds,static_viability,value,False,2,22,0.0013675431575379,0.0240576050438011,0.056844526088449,0.954669044568672,0.1863636363636363
null_alpha,3,viability_log_odds,static_viability,value,False,3,25,0.0337346866434601,0.0277092876446166,1.2174505197001733,0.2234328515433403,0.1799999999999999
null_alpha,3,viability_log_odds,static_viability,value,False,4,25,-0.0151654850432345,0.0217036454880876,-0.698752891607927,0.4847064732940586,-0.048
null_alpha,3,viability_log_odds,static_viability,value,True,1,21,-0.03692944001115,0.0114400994073649,-3.228069852904896,0.0012462853692334,-0.2428571428571428
null_alpha,3,viability_log_odds,static_viability,value,True,2,22,-0.0062377224474713,0.0207210231799876,-0.3010335152511044,0.7633889377162995,0.1227272727272727
null_alpha,3,viability_log_odds,static_viability,value,True,3,25,0.0568978620164562,0.0301676074465779,1.886058154171272,0.0592871184633115,0.2239999999999999
null_alpha,3,viability_log_odds,static_viability,value,True,4,25,0.0062073224966575,0.0213476312040523,0.2907733620336884,0.7712246595092165,-0.016
null_alpha,6,migration_surprise,migration_surprise,equal,False,1,11,0.0120150094842505,0.0116272616213609,1.0333481670505456,0.3014409937411125,-0.1545454545454545
null_alpha,6,migration_surprise,migration_surprise,equal,False,2,17,-0.0042955761545148,0.017800604861703,-0.2413163028946592,0.8093099763222815,0.0529411764705882
null_alpha,6,migration_surprise,migration_surprise,equal,False,3,20,-0.0139073694878854,0.0124934646628725,-1.113171555142324,0.2656347567073506,0.035
null_alpha,6,migration_surprise,migration_surprise,equal,False,4,20,0.0297377507787972,0.0125861625263496,2.3627337336968366,0.0181406980549395,0.1549999999999999
null_alpha,6,migration_surprise,migration_surprise,equal,True,1,11,0.0137221561948198,0.0049931352185311,2.748204403496317,0.0059922639511339,0.0909090909090909
null_alpha,6,migration_surprise,migration_surprise,equal,True,2,17,-0.0069914451322896,0.009506536268753,-0.735435592379718,0.4620742520364156,-0.0529411764705882
null_alpha,6,migration_surprise,migration_surprise,equal,True,3,20,-0.0194579839293194,0.0131210580685923,-1.482958449509169,0.1380854505414831,-0.0549999999999999
null_alpha,6,migration_surprise,migration_surprise,equal,True,4,20,0.0420548546991735,0.0130669830404805,3.218405853048913,0.0012890528047616,0.2449999999999999
null_alpha,6,migration_surprise,migration_surprise,value,False,1,11,-0.042991115623909,0.0282836477312613,-1.5199989772320586,0.1285112326895953,-0.3090909090909091
null_alpha,6,migration_surprise,migration_surprise,value,False,2,17,-0.030535547857191,0.0147138541323733,-2.0752922777728875,0.0379594547148983,-0.1823529411764705
null_alpha,6,migration_surprise,migration_surprise,value,False,3,20,0.0314417020233353,0.0373359791090292,0.8421287662369502,0.3997158810586734,0.0849999999999999
null_alpha,6,migration_surprise,migration_surprise,value,False,4,20,0.0896363317896863,0.0341013155094802,2.628530027375846,0.008575478422631,0.2149999999999999
null_alpha,6,migration_surprise,migration_surprise,value,True,1,11,0.0443890655580852,0.0275918168214147,1.60877646605836,0.1076652286120114,-0.1
null_alpha,6,migration_surprise,migration_surprise,value,True,2,17,-0.0284959117121302,0.0138813246822167,-2.052823658006935,0.0400896831844886,-0.1529411764705882
null_alpha,6,migration_surprise,migration_surprise,value,True,3,20,-0.0010934157524806,0.0354863787313556,-0.0308122663278277,0.9754192579505736,0.0049999999999999
null_alpha,6,migration_surprise,migration_surprise,value,True,4,20,0.0938019414359602,0.0421320401811755,2.2263802330149347,0.0259887233750735,0.1249999999999999
null_alpha,6,velocity_log_odds,raw_migration,equal,False,1,16,0.0039930980596015,0.0150388318726562,0.2655191635503169,0.7906095491148356,-0.1937499999999999
null_alpha,6,velocity_log_odds,raw_migration,equal,False,2,17,0.012854670025716,0.0134745835934189,0.9539938608562516,0.3400867499436295,0.1705882352941176
null_alpha,6,velocity_log_odds,raw_migration,equal,False,3,20,-0.0106452778199077,0.0144283871153692,-0.7378009568767625,0.4606354117522298,0.0249999999999999
null_alpha,6,velocity_log_odds,raw_migration,equal,False,4,20,0.0246317929816079,0.0084450955592189,2.916697959056124,0.0035375815835705,0.0699999999999999
null_alpha,6,velocity_log_odds,raw_migration,equal,True,1,16,-0.0049810818895133,0.0073038985873662,-0.6819757736134526,0.4952542699144262,0.0875
null_alpha,6,velocity_log_odds,raw_migration,equal,True,2,17,0.0062722670682409,0.0161248778033462,0.3889807504115973,0.6972903861956226,0.0647058823529411
null_alpha,6,velocity_log_odds,raw_migration,equal,True,3,20,-0.0110780152640711,0.0177731170407565,-0.6233017674202863,0.5330862365758202,-0.2
null_alpha,6,velocity_log_odds,raw_migration,equal,True,4,20,0.0371273314900288,0.0114461642679644,3.243648319283773,0.0011800935234477,0.0849999999999999
null_alpha,6,velocity_log_odds,raw_migration,value,False,1,16,-0.0272078354604615,0.0282314243962352,-0.9637429227301002,0.3351748290097414,-0.01875
null_alpha,6,velocity_log_odds,raw_migration,value,False,2,17,0.0656190119858379,0.0273614833953096,2.398225675040938,0.0164747116033633,0.0058823529411764
null_alpha,6,velocity_log_odds,raw_migration,value,False,3,20,0.0276607721869145,0.027944731338262,0.9898385442353956,0.3222530417906414,0.19
null_alpha,6,velocity_log_odds,raw_migration,value,False,4,20,0.1063487189490528,0.0150043076079266,7.087879142978246,1.3618281490753514e-12,0.12
null_alpha,6,velocity_log_odds,raw_migration,value,True,1,16,-0.0124241481793495,0.0153852951565173,-0.8075339506299014,0.4193589225824273,-0.1
null_alpha,6,velocity_log_odds,raw_migration,value,True,2,17,-0.0136576157177285,0.017803764858669,-0.7671195292763225,0.4430104516147788,-0.2058823529411764
null_alpha,6,velocity_log_odds,raw_migration,value,True,3,20,0.015795858753692,0.0276747684239558,0.5707675132709975,0.5681572471743492,0.0699999999999999
null_alpha,6,velocity_log_odds,raw_migration,value,True,4,20,0.0838834968245419,0.0219290561365518,3.825221491622841,0.0001306545660056,0.11
null_alpha,6,viability_log_odds,static_viability,equal,False,1,21,-0.0260801338061717,0.0071240064204506,-3.660880165871873,0.0002513503050193,-0.1952380952380952
null_alpha,6,viability_log_odds,static_viability,equal,False,2,22,-0.0174810022399159,0.0102560703473044,-1.7044542059435488,0.0882962644409559,0.0818181818181818
null_alpha,6,viability_log_odds,static_viability,equal,False,3,25,0.0097833171105777,0.0138567652785128,0.7060318129042998,0.4801683538889837,0.216
null_alpha,6,viability_log_odds,static_viability,equal,False,4,25,-0.0133792435847686,0.0106902357358738,-1.2515386858936235,0.2107380086059861,-0.128
null_alpha,6,viability_log_odds,static_viability,equal,True,1,21,-0.0222515624927478,0.0115954425257692,-1.9189920904956217,0.0549853348490632,-0.0666666666666666
null_alpha,6,viability_log_odds,static_viability,equal,True,2,22,-0.0278691644596278,0.0139988639238143,-1.990816155603733,0.0465011025715711,-0.059090909090909
null_alpha,6,viability_log_odds,static_viability,equal,True,3,25,0.0150862542395208,0.0216350055657643,0.6973076199894112,0.4856103003550666,0.084
null_alpha,6,viability_log_odds,static_viability,equal,True,4,25,-0.0126037624389192,0.0094734078247689,-1.3304359605384757,0.1833746729102386,-0.1039999999999999
null_alpha,6,viability_log_odds,static_viability,value,False,1,21,-0.0691004373871805,0.0204921426333898,-3.3720455017030946,0.0007461212055793,-0.2952380952380952
null_alpha,6,viability_log_odds,static_viability,value,False,2,22,0.0036173140339139,0.0206614644508045,0.1750753942213006,0.8610203922107709,0.0772727272727272
null_alpha,6,viability_log_odds,static_viability,value,False,3,25,0.0636405626506889,0.0310293198587385,2.050981553589111,0.0402687431677682,0.0919999999999999
null_alpha,6,viability_log_odds,static_viability,value,False,4,25,0.0056081476213304,0.0290166146873035,0.1932736703356481,0.8467446455754268,-0.088
null_alpha,6,viability_log_odds,static_viability,value,True,1,21,-0.047967962191774,0.0286524148852342,-1.6741333107141994,0.0941044024372684,-0.1285714285714285
null_alpha,6,viability_log_odds,static_viability,value,True,2,22,-0.0025652531364696,0.0249569983747466,-0.1027869256530992,0.9181320821168236,0.1272727272727273
null_alpha,6,viability_log_odds,static_viability,value,True,3,25,0.0645821506115861,0.032673129469724,1.976613555534371,0.0480853287191408,0.1799999999999999
null_alpha,6,viability_log_odds,static_viability,value,True,4,25,-0.0058021430403366,0.018137346890236,-0.319900318136392,0.7490438966968627,-0.124
null_alpha,12,migration_surprise,migration_surprise,equal,False,1,11,-0.0015953046735517,0.0137790268960212,-0.1157777458154446,0.9078286881547164,-0.1454545454545454
null_alpha,12,migration_surprise,migration_surprise,equal,False,2,17,-0.0078832042188966,0.0138170048884971,-0.5705436368094149,0.5683090343139803,-0.0176470588235294
null_alpha,12,migration_surprise,migration_surprise,equal,False,3,20,-0.0365878617857822,0.0147873376216325,-2.474269724676976,0.0133508857932378,-0.0199999999999999
null_alpha,12,migration_surprise,migration_surprise,equal,False,4,20,0.0163597164926165,0.008564209052681,1.910242544522552,0.0561019916525689,0.055
null_alpha,12,migration_surprise,migration_surprise,equal,True,1,11,0.0040719992742873,0.0139610306785178,0.2916689582634496,0.7705397454223999,-0.0454545454545454
null_alpha,12,migration_surprise,migration_surprise,equal,True,2,17,-0.0108209464779078,0.015394062055454,-0.7029298984847238,0.482099437463568,-0.1235294117647058
null_alpha,12,migration_surprise,migration_surprise,equal,True,3,20,-0.0400398727698558,0.0198228282765309,-2.019886981377967,0.0433951119734891,-0.1149999999999999
null_alpha,12,migration_surprise,migration_surprise,equal,True,4,20,0.0375278314555928,0.0148815989143322,2.52176071076948,0.0116769110474815,0.215
null_alpha,12,migration_surprise,migration_surprise,value,False,1,11,-0.004953174553177,0.0305329966354046,-0.1622236628891373,0.8711297263139818,-0.0181818181818181
null_alpha,12,migration_surprise,migration_surprise,value,False,2,17,0.0150744467284446,0.0219142739417607,0.6878825540150866,0.4915267436731086,-0.0999999999999999
null_alpha,12,migration_surprise,migration_surprise,value,False,3,20,-0.0427988548028933,0.0320195741380511,-1.3366465968088037,0.1813380213301872,-0.085
null_alpha,12,migration_surprise,migration_surprise,value,False,4,20,0.1239859044165327,0.0383716151330351,3.231188053634727,0.0012327680427554,0.2349999999999999
null_alpha,12,migration_surprise,migration_surprise,value,True,1,11,0.0783100027296639,0.0299105597339527,2.618138992590327,0.0088410785260392,0.109090909090909
null_alpha,12,migration_surprise,migration_surprise,value,True,2,17,-0.0090629408832473,0.0226811773777184,-0.399579824817677,0.689466018725216,-0.1058823529411764
null_alpha,12,migration_surprise,migration_surprise,value,True,3,20,-0.0907711951928331,0.0478335254065108,-1.89764802868738,0.0577424630488373,-0.12
null_alpha,12,migration_surprise,migration_surprise,value,True,4,20,0.1107604821768182,0.0362575892366401,3.05482202509176,0.0022519411284575,0.0399999999999999
null_alpha,12,velocity_log_odds,raw_migration,equal,False,1,16,0.0015078689327009,0.0153950959531856,0.0979447570373154,0.9219761598416908,-0.2125
null_alpha,12,velocity_log_odds,raw_migration,equal,False,2,17,0.0133330144525896,0.009325371129533,1.429756978825705,0.1527867804826194,-0.0235294117647058
null_alpha,12,velocity_log_odds,raw_migration,equal,False,3,20,-0.0113450472425102,0.0138709153662786,-0.817901843024071,0.4134132378712033,-0.045
null_alpha,12,velocity_log_odds,raw_migration,equal,False,4,20,0.0251020942706213,0.0115953488612109,2.164841659451361,0.0303998132575778,0.0499999999999999
null_alpha,12,velocity_log_odds,raw_migration,equal,True,1,16,-0.0375546608556086,0.0157622792891505,-2.3825653743781987,0.0171924790333043,-0.13125
null_alpha,12,velocity_log_odds,raw_migration,equal,True,2,17,-0.0010708827600026,0.007536668906227,-0.142089664986855,0.8870091814944719,-0.0764705882352941
null_alpha,12,velocity_log_odds,raw_migration,equal,True,3,20,0.0042621600346124,0.0142047654353724,0.3000514196453313,0.7641379342722157,-0.035
null_alpha,12,velocity_log_odds,raw_migration,equal,True,4,20,0.0383402672115652,0.0115120435612771,3.3304484132191643,0.000867062281586,0.1449999999999999
null_alpha,12,velocity_log_odds,raw_migration,value,False,1,16,-0.0053150260225031,0.0310550011364121,-0.1711487949768969,0.8641067690055065,0.0499999999999999
null_alpha,12,velocity_log_odds,raw_migration,value,False,2,17,0.006362996221514,0.02440911349604,0.2606811682262166,0.7943383896492663,-0.0117647058823529
null_alpha,12,velocity_log_odds,raw_migration,value,False,3,20,0.0476381894538503,0.0313971928056994,1.517275437605451,0.1291971569498254,0.0649999999999999
null_alpha,12,velocity_log_odds,raw_migration,value,False,4,20,0.0804481937324839,0.0253240053629345,3.176756306102816,0.0014893212358891,0.05
null_alpha,12,velocity_log_odds,raw_migration,value,True,1,16,-0.0443260287059641,0.0274748342780095,-1.6133319770901045,0.1066724028629759,-0.1374999999999999
null_alpha,12,velocity_log_odds,raw_migration,value,True,2,17,-0.088288083520336,0.02837872920286,-3.1110654352851825,0.0018641362628192,-0.0529411764705882
null_alpha,12,velocity_log_odds,raw_migration,value,True,3,20,0.0101375138275795,0.0309809497306013,0.3272176584556506,0.7435032658914424,0.02
null_alpha,12,velocity_log_odds,raw_migration,value,True,4,20,0.0500229063106026,0.0215532149111061,2.3209023116466234,0.0202921167681716,-0.0299999999999999
null_alpha,12,viability_log_odds,static_viability,equal,False,1,21,-0.0586523431017057,0.0091660462422731,-6.398870521862047,1.5653050432862488e-10,-0.1666666666666666
null_alpha,12,viability_log_odds,static_viability,equal,False,2,22,-0.0464756938146743,0.0196829403167223,-2.3612170268681414,0.0182150672596596,-0.0454545454545454
null_alpha,12,viability_log_odds,static_viability,equal,False,3,25,0.0048689088551212,0.0100749664408486,0.4832679973384728,0.6289054600663344,0.0519999999999999
null_alpha,12,viability_log_odds,static_viability,equal,False,4,25,0.0007074655754861,0.0372464874183466,0.0189941555438499,0.9848457677703458,-0.1359999999999999
null_alpha,12,viability_log_odds,static_viability,equal,True,1,21,-0.045849190415353,0.0118326613019828,-3.874799526939036,0.0001067125133966,-0.0904761904761904
null_alpha,12,viability_log_odds,static_viability,equal,True,2,22,-0.0561353892617429,0.0231277513241565,-2.42718751490165,0.0152163888693511,-0.0909090909090908
null_alpha,12,viability_log_odds,static_viability,equal,True,3,25,0.0050479848764176,0.030157126367864,0.1673894526567632,0.8670636236536102,0.0119999999999999
null_alpha,12,viability_log_odds,static_viability,equal,True,4,25,-0.0067961739882016,0.0316434363654843,-0.214773576096642,0.8299438553679435,-0.036
null_alpha,12,viability_log_odds,static_viability,value,False,1,21,-0.0875384354219419,0.0203710610030972,-4.297195684045739,1.7297248750400175e-05,-0.1380952380952381
null_alpha,12,viability_log_odds,static_viability,value,False,2,22,-0.0448510220555077,0.0445206748863038,-1.0074200844899026,0.3137329436412061,0.1272727272727273
null_alpha,12,viability_log_odds,static_viability,value,False,3,25,0.067434823605802,0.0540768717287773,1.2470178368309015,0.2123909574311857,0.1239999999999999
null_alpha,12,viability_log_odds,static_viability,value,False,4,25,0.0011535566239368,0.0320443365698551,0.0359987675645008,0.971283341659782,-0.0839999999999999
null_alpha,12,viability_log_odds,static_viability,value,True,1,21,-0.0416087723624623,0.0339493375741021,-1.2256136742474502,0.2203440895452096,0.019047619047619
null_alpha,12,viability_log_odds,static_viability,value,True,2,22,-0.0090755159932242,0.031604789030537,-0.2871563541985779,0.773992603830205,0.0227272727272727
null_alpha,12,viability_log_odds,static_viability,value,True,3,25,0.043348880626843,0.0572523571399182,0.7571545136718715,0.4489572977216067,0.1439999999999999
null_alpha,12,viability_log_odds,static_viability,value,True,4,25,-0.0172061940671899,0.0240747119042487,-0.7146998948782151,0.4747945027262271,-0.1079999999999999
migration_alpha,1,migration_surprise,migration_surprise,equal,False,1,10,0.0022723014136622,0.0036741698454575,0.6184530136709833,0.5362767612928194,-0.18
migration_alpha,1,migration_surprise,migration_surprise,equal,False,2,18,-0.0064667895546376,0.0043426112530296,-1.4891476988933912,0.1364484796394553,-0.1611111111111111
migration_alpha,1,migration_surprise,migration_surprise,equal,False,3,19,-0.0005167439306176,0.0043207451035247,-0.1195960229628281,0.9048031703278522,-0.0894736842105263
migration_alpha,1,migration_surprise,migration_surprise,equal,False,4,20,-0.000432222077598,0.0048603965224089,-0.0889273283785239,0.929139664682868,0.02
migration_alpha,1,migration_surprise,migration_surprise,equal,True,1,10,-0.0016999713382524,0.0043749643193682,-0.388568046309911,0.6975957081323843,-0.12
migration_alpha,1,migration_surprise,migration_surprise,equal,True,2,18,-0.0031089843340884,0.0061074591895695,-0.5090470910387885,0.6107192164800495,-0.111111111111111
migration_alpha,1,migration_surprise,migration_surprise,equal,True,3,19,-0.0014567519505279,0.0052443383782072,-0.2777761169228517,0.7811842258861961,0.0105263157894736
migration_alpha,1,migration_surprise,migration_surprise,equal,True,4,20,0.0049114104020432,0.006650002740482,0.7385576508329728,0.4601756478136276,0.0049999999999999
migration_alpha,1,migration_surprise,migration_surprise,value,False,1,10,0.0037597751841723,0.0147835551857594,0.2543214495383357,0.7992472301174275,0.1199999999999999
migration_alpha,1,migration_surprise,migration_surprise,value,False,2,18,-0.0004315748804513,0.0115874441063374,-0.0372450452827068,0.9702896225678492,-0.0111111111111111
migration_alpha,1,migration_surprise,migration_surprise,value,False,3,19,-0.0115892413665816,0.0112196399477995,-1.032942360049139,0.301630873639892,-0.1210526315789473
migration_alpha,1,migration_surprise,migration_surprise,value,False,4,20,0.0059956675302507,0.0132481785799264,0.4525654220373594,0.6508617023091288,-0.0549999999999999
migration_alpha,1,migration_surprise,migration_surprise,value,True,1,10,-0.0050021457540487,0.0092270881763267,-0.5421153085848295,0.5877390734091894,-0.1499999999999999
migration_alpha,1,migration_surprise,migration_surprise,value,True,2,18,-0.0003105613165809,0.0110284779130054,-0.028159943650494,0.9775345848806568,-0.0222222222222222
migration_alpha,1,migration_surprise,migration_surprise,value,True,3,19,-0.0114194808325203,0.0081464460040506,-1.4017745685471052,0.1609825750054122,-0.1052631578947368
migration_alpha,1,migration_surprise,migration_surprise,value,True,4,20,0.0046397485450994,0.0116478028861075,0.3983368014094202,0.69038193654918,-0.1549999999999999
migration_alpha,1,velocity_log_odds,raw_migration,equal,False,1,14,-0.0030269690628153,0.0046740971812194,-0.6476050765434797,0.5172404130145984,-0.0285714285714285
migration_alpha,1,velocity_log_odds,raw_migration,equal,False,2,18,0.0029358326633911,0.0036879319151181,0.7960647677241913,0.4259943910772812,-0.0277777777777777
migration_alpha,1,velocity_log_odds,raw_migration,equal,False,3,19,-0.0058181025524671,0.006791264793321,-0.856703829040657,0.3916085866542745,-0.1210526315789473
migration_alpha,1,velocity_log_odds,raw_migration,equal,False,4,20,0.0011652263188934,0.0042420096292336,0.2746873347159134,0.783556462436904,0.1049999999999999
migration_alpha,1,velocity_log_odds,raw_migration,equal,True,1,14,-0.0046181271894499,0.0054493295969414,-0.8474670337507133,0.3967348544934262,-0.0428571428571428
migration_alpha,1,velocity_log_odds,raw_migration,equal,True,2,18,0.0022397456646937,0.0055340664219268,0.4047196932475363,0.6856835647752634,-3.0839528461809906e-18
migration_alpha,1,velocity_log_odds,raw_migration,equal,True,3,19,-0.0034184525394154,0.0071359786149692,-0.4790446726177841,0.6319068486213075,-0.0789473684210526
migration_alpha,1,velocity_log_odds,raw_migration,equal,True,4,20,0.005680448241981,0.00486859422104,1.166753272932976,0.243310022212477,0.0699999999999999
migration_alpha,1,velocity_log_odds,raw_migration,value,False,1,14,0.0006084344891927,0.0103514573317345,0.0587776647958062,0.953129198607828,-0.0214285714285714
migration_alpha,1,velocity_log_odds,raw_migration,value,False,2,18,0.0100955645024853,0.0080992091379347,1.2464876916438763,0.2125854051507857,0.1111111111111111
migration_alpha,1,velocity_log_odds,raw_migration,value,False,3,19,0.005290688964617,0.0114457872939427,0.462238973060153,0.6439099577658793,0.0052631578947368
migration_alpha,1,velocity_log_odds,raw_migration,value,False,4,20,-0.0092192920596833,0.0097824360298335,-0.9424331558690768,0.345970918819664,-0.205
migration_alpha,1,velocity_log_odds,raw_migration,value,True,1,14,-0.0096463420931277,0.0110525150361907,-0.8727734874407731,0.3827865533005271,-0.0857142857142857
migration_alpha,1,velocity_log_odds,raw_migration,value,True,2,18,0.0065221034641801,0.0090866102376447,0.7177707961061058,0.4728986229379418,0.0444444444444444
migration_alpha,1,velocity_log_odds,raw_migration,value,True,3,19,-0.0101716562760402,0.0113267440409925,-0.898021200022534,0.3691742472421638,0.0421052631578947
migration_alpha,1,velocity_log_odds,raw_migration,value,True,4,20,0.0024104208448059,0.0115177752767955,0.2092783360396072,0.834230962666014,-0.2249999999999999
migration_alpha,1,viability_log_odds,static_viability,equal,False,1,20,0.0025454437597423,0.0042695832377927,0.5961808490372158,0.5510544178879546,5.551115123125783e-18
migration_alpha,1,viability_log_odds,static_viability,equal,False,2,24,0.0016381138810886,0.0059115018364058,0.2771062119951193,0.7816985520548861,0.0666666666666666
migration_alpha,1,viability_log_odds,static_viability,equal,False,3,24,-0.0080959822796559,0.0044011357392463,-1.8395211507478744,0.0658385698901053,-0.0458333333333333
migration_alpha,1,viability_log_odds,static_viability,equal,False,4,25,-0.0040748621992554,0.0052196409033901,-0.7806786471860249,0.4349915223485232,-0.1279999999999999
migration_alpha,1,viability_log_odds,static_viability,equal,True,1,20,0.0065471464434411,0.006539877398564,1.001111495588386,0.316772908013273,0.0199999999999999
migration_alpha,1,viability_log_odds,static_viability,equal,True,2,24,0.0047250296774611,0.0060813774486383,0.7769670140305343,0.437178231852165,0.1416666666666666
migration_alpha,1,viability_log_odds,static_viability,equal,True,3,24,-0.0066128420450152,0.0046564406546544,-1.4201495381252858,0.1555641509008755,-0.0624999999999999
migration_alpha,1,viability_log_odds,static_viability,equal,True,4,25,-0.003960069986015,0.0045627020963998,-0.8679221001826212,0.3854369795213488,-0.104
migration_alpha,1,viability_log_odds,static_viability,value,False,1,20,-0.005861026454909,0.0088208575744419,-0.6644508660803125,0.5064017862163703,-0.015
migration_alpha,1,viability_log_odds,static_viability,value,False,2,24,0.0061505432663598,0.0122875391201695,0.500551266303926,0.6166869674592284,-0.0124999999999999
migration_alpha,1,viability_log_odds,static_viability,value,False,3,24,-0.0059246962276814,0.0107671562272746,-0.5502563632051166,0.5821435496027836,-0.0041666666666666
migration_alpha,1,viability_log_odds,static_viability,value,False,4,25,-0.0082307529129208,0.0117150831829546,-0.7025774195864425,0.4823191385774782,-0.052
migration_alpha,1,viability_log_odds,static_viability,value,True,1,20,-0.004357149093606,0.0130891179280586,-0.3328833247247148,0.7392223572300988,-5.551115123125783e-18
migration_alpha,1,viability_log_odds,static_viability,value,True,2,24,0.000942358548399,0.0097670278154408,0.096483655642846,0.9231364542687936,0.0708333333333333
migration_alpha,1,viability_log_odds,static_viability,value,True,3,24,-0.0100982051768741,0.0111341774083485,-0.9069556561315752,0.3644302474223289,-0.0583333333333333
migration_alpha,1,viability_log_odds,static_viability,value,True,4,25,-0.0096690578147091,0.0130178151511101,-0.7427558082881967,0.4576295349009002,-0.004
migration_alpha,3,migration_surprise,migration_surprise,equal,False,1,10,0.0050145965909738,0.0037074556269353,1.352570899174606,0.1761927544761717,0.0699999999999999
migration_alpha,3,migration_surprise,migration_surprise,equal,False,2,18,-0.0014805896638533,0.0048395000969417,-0.3059385544364266,0.7596514302649855,0.0333333333333333
migration_alpha,3,migration_surprise,migration_surprise,equal,False,3,19,0.001426777878007,0.0104596000762136,0.1364084542057902,0.8914983906606677,0.0263157894736842
migration_alpha,3,migration_surprise,migration_surprise,equal,False,4,20,0.0155072966645653,0.0113772091423378,1.3630141162526648,0.1728780617810111,0.1
migration_alpha,3,migration_surprise,migration_surprise,equal,True,1,10,0.0003828964255388,0.0105254398616551,0.0363781875695108,0.9709808064633516,-0.0699999999999999
migration_alpha,3,migration_surprise,migration_surprise,equal,True,2,18,0.0143168987676824,0.0084278191782498,1.6987667230249568,0.0893631459297684,0.111111111111111
migration_alpha,3,migration_surprise,migration_surprise,equal,True,3,19,-0.0027442654985897,0.0109589862236558,-0.2504123504294616,0.8022684795511514,-0.0157894736842105
migration_alpha,3,migration_surprise,migration_surprise,equal,True,4,20,0.0292032867250652,0.0113954510821555,2.5627144124900423,0.0103857438059021,0.12
migration_alpha,3,migration_surprise,migration_surprise,value,False,1,10,0.0367610636109357,0.0165227343815811,2.224877720718885,0.0260894480393498,0.0399999999999999
migration_alpha,3,migration_surprise,migration_surprise,value,False,2,18,0.0013337300285544,0.0197710372416778,0.0674587788314386,0.9462164769650464,-0.011111111111111
migration_alpha,3,migration_surprise,migration_surprise,value,False,3,19,-0.0142813098991934,0.0195542884069461,-0.7303415804238806,0.4651814179547702,-0.0105263157894736
migration_alpha,3,migration_surprise,migration_surprise,value,False,4,20,0.0220960262916973,0.0207472554378905,1.065009603696475,0.2868715838264041,-0.1549999999999999
migration_alpha,3,migration_surprise,migration_surprise,value,True,1,10,0.0139327568931687,0.0195043916233987,0.7143394760621034,0.4750172875049461,-0.0099999999999999
migration_alpha,3,migration_surprise,migration_surprise,value,True,2,18,0.0175848722867117,0.0226379746931781,0.7767864627930189,0.43728476482223,0.1833333333333333
migration_alpha,3,migration_surprise,migration_surprise,value,True,3,19,-0.0270773848661437,0.0206637024901773,-1.3103839875266885,0.1900659677669703,-0.0421052631578947
migration_alpha,3,migration_surprise,migration_surprise,value,True,4,20,0.0265487416491281,0.0256879845993741,1.0335081581205472,0.3013661546942991,-0.1199999999999999
migration_alpha,3,velocity_log_odds,raw_migration,equal,False,1,14,0.0063617213711489,0.0055151789744322,1.1534931868287812,0.2487080124462063,0.1428571428571428
migration_alpha,3,velocity_log_odds,raw_migration,equal,False,2,18,0.0237937399345148,0.013200618535398,1.802471594093171,0.0714712399661835,0.2166666666666666
migration_alpha,3,velocity_log_odds,raw_migration,equal,False,3,19,-0.003749668556243,0.0074933992116341,-0.5003962087621523,0.61679612235667,-0.0894736842105263
migration_alpha,3,velocity_log_odds,raw_migration,equal,False,4,20,-0.0030404039993492,0.0086776929046794,-0.3503700848539716,0.7260609741042274,0.0549999999999999
migration_alpha,3,velocity_log_odds,raw_migration,equal,True,1,14,0.002639606205253,0.0096058281734461,0.2747921530128784,0.7834759271021219,0.0714285714285714
migration_alpha,3,velocity_log_odds,raw_migration,equal,True,2,18,0.0237762064392177,0.0128093583882989,1.8561590454785524,0.0634308916656812,0.1999999999999999
migration_alpha,3,velocity_log_odds,raw_migration,equal,True,3,19,0.000217587722418,0.0099268524865406,0.0219191050449353,0.98251248481376,-0.0578947368421052
migration_alpha,3,velocity_log_odds,raw_migration,equal,True,4,20,0.0120613322615868,0.0068447943859899,1.7621175423872757,0.0780494399745035,0.1399999999999999
migration_alpha,3,velocity_log_odds,raw_migration,value,False,1,14,0.0163586148967787,0.0136682236281804,1.1968354734152435,0.2313706887579336,0.0499999999999999
migration_alpha,3,velocity_log_odds,raw_migration,value,False,2,18,-0.0070090449328578,0.0210481011511774,-0.3330012946305967,0.739133305902945,0.0499999999999999
migration_alpha,3,velocity_log_odds,raw_migration,value,False,3,19,0.0178551735687085,0.0191769632591793,0.9310740875598174,0.3518152415103658,0.1263157894736842
migration_alpha,3,velocity_log_odds,raw_migration,value,False,4,20,-0.0223605555718428,0.0148206639096814,-1.5087418288485774,0.1313647716261995,-0.2399999999999999
migration_alpha,3,velocity_log_odds,raw_migration,value,True,1,14,0.0052923538379625,0.018900235417614,0.2800152337272112,0.7794658174061099,-0.1
migration_alpha,3,velocity_log_odds,raw_migration,value,True,2,18,0.0087493969494292,0.0197077134533476,0.4439579949313212,0.6570729534558402,0.0666666666666666
migration_alpha,3,velocity_log_odds,raw_migration,value,True,3,19,-0.0128275943935433,0.0208446538223966,-0.6153901380583549,0.53829710269321,-0.1052631578947368
migration_alpha,3,velocity_log_odds,raw_migration,value,True,4,20,0.0042495153546942,0.0215721303124903,0.1969909922263781,0.8438345868331671,-0.1599999999999999
migration_alpha,3,viability_log_odds,static_viability,equal,False,1,20,0.0013059536929147,0.0067495607819692,0.1934872112572841,0.8465774207557273,0.0199999999999999
migration_alpha,3,viability_log_odds,static_viability,equal,False,2,24,0.0101117656159648,0.0083107486597909,1.216709351936916,0.2237148196236424,0.0916666666666666
migration_alpha,3,viability_log_odds,static_viability,equal,False,3,24,0.0103460551473489,0.0055034573897821,1.8799191879921964,0.060119092395853,-0.0333333333333333
migration_alpha,3,viability_log_odds,static_viability,equal,False,4,25,0.0027792179154501,0.0067023827253952,0.414661177870323,0.6783899559450868,-0.0679999999999999
migration_alpha,3,viability_log_odds,static_viability,equal,True,1,20,0.0002296825487199,0.0101462351768208,0.022637219098235,0.9819396548801568,-0.045
migration_alpha,3,viability_log_odds,static_viability,equal,True,2,24,0.0100460967264209,0.0092036970453799,1.0915284017810951,0.2750404415005898,0.0749999999999999
migration_alpha,3,viability_log_odds,static_viability,equal,True,3,24,0.0075728412362757,0.0074289607772635,1.019367508232449,0.3080285255221454,0.0041666666666666
migration_alpha,3,viability_log_odds,static_viability,equal,True,4,25,0.0053557841909449,0.0072566151617006,0.7380554255118815,0.4604807690628992,-0.032
migration_alpha,3,viability_log_odds,static_viability,value,False,1,20,-0.0053897497796343,0.0149374256990657,-0.360821863701149,0.7182326174383535,0.0599999999999999
migration_alpha,3,viability_log_odds,static_viability,value,False,2,24,-0.0003280304213881,0.0171724171058146,-0.0191021694480695,0.9847596007773692,-0.0125
migration_alpha,3,viability_log_odds,static_viability,value,False,3,24,0.0306619454787622,0.0162005692105771,1.892646182996055,0.0584049377260699,0.1958333333333333
migration_alpha,3,viability_log_odds,static_viability,value,False,4,25,0.0042649751063638,0.0199582491991819,0.2136948518780216,0.8307850262215821,-0.088
migration_alpha,3,viability_log_odds,static_viability,value,True,1,20,-0.0104068633606591,0.020389376370185,-0.5104061630779888,0.609766940017046,-0.125
migration_alpha,3,viability_log_odds,static_viability,value,True,2,24,0.0089620003766561,0.0143685739671761,0.6237223260379977,0.5328099582246137,0.0333333333333333
migration_alpha,3,viability_log_odds,static_viability,value,True,3,24,0.0205100275265676,0.0145586109431885,1.408790138468783,0.1588972319984163,-0.0041666666666666
migration_alpha,3,viability_log_odds,static_viability,value,True,4,25,0.0155183253462168,0.0228898988067406,0.6779551747798465,0.4978001149114301,0.0359999999999999
migration_alpha,6,migration_surprise,migration_surprise,equal,False,1,10,0.0141717861207488,0.0043803075343983,3.2353404434411024,0.0012149776977735,0.17
migration_alpha,6,migration_surprise,migration_surprise,equal,False,2,18,-0.0081337825046835,0.0094344609725332,-0.862135370358049,0.3886130294840805,-0.0166666666666666
migration_alpha,6,migration_surprise,migration_surprise,equal,False,3,19,0.0106770429639603,0.0211010643925296,0.505995468538559,0.6128598307952724,0.0578947368421052
migration_alpha,6,migration_surprise,migration_surprise,equal,False,4,20,0.0228305951377592,0.0189625185905657,1.203985379300722,0.2285952296312658,0.06
migration_alpha,6,migration_surprise,migration_surprise,equal,True,1,10,0.0129255714379326,0.0109329973456306,1.1822532311414395,0.2371052368380298,8.326672684688674e-18
migration_alpha,6,migration_surprise,migration_surprise,equal,True,2,18,0.001978314329839,0.01546904146499,0.1278886176830327,0.8982371188495233,1.8503717077085938e-17
migration_alpha,6,migration_surprise,migration_surprise,equal,True,3,19,0.0074477462881516,0.020164277200752,0.3693534964830703,0.7118642555810539,-0.0421052631578947
migration_alpha,6,migration_surprise,migration_surprise,equal,True,4,20,0.0446392748315384,0.0183542366671547,2.432096503987075,0.0150117070374015,0.15
migration_alpha,6,migration_surprise,migration_surprise,value,False,1,10,0.0659350491568642,0.0341771342050016,1.9292152689389328,0.0537041433955576,0.22
migration_alpha,6,migration_surprise,migration_surprise,value,False,2,18,0.0248865287936211,0.0150562867652797,1.6528994951803255,0.0983513199091535,0.1111111111111111
migration_alpha,6,migration_surprise,migration_surprise,value,False,3,19,-0.0040283853775553,0.0232333584101259,-0.1733879926631548,0.8623464626301413,0.0736842105263158
migration_alpha,6,migration_surprise,migration_surprise,value,False,4,20,0.0254342378914388,0.0379674876341472,0.6698952044581382,0.5029245969981002,-0.1349999999999999
migration_alpha,6,migration_surprise,migration_surprise,value,True,1,10,0.0347192130451086,0.028433444265408,1.2210695517935473,0.2220596869364542,0.19
migration_alpha,6,migration_surprise,migration_surprise,value,True,2,18,0.0200710907230164,0.0124177709492624,1.6163199341511856,0.1060251590966185,0.0722222222222222
migration_alpha,6,migration_surprise,migration_surprise,value,True,3,19,-0.0305056143543084,0.0309338653626204,-0.9861559167180752,0.3240566078819608,-0.0210526315789473
migration_alpha,6,migration_surprise,migration_surprise,value,True,4,20,0.0466920290066211,0.0277871647215412,1.6803452052243557,0.0928901705056953,-0.0799999999999999
migration_alpha,6,velocity_log_odds,raw_migration,equal,False,1,14,0.0064538419900429,0.0062390036718834,1.0344347157748517,0.3009329820108802,-0.0142857142857142
migration_alpha,6,velocity_log_odds,raw_migration,equal,False,2,18,0.0534364329505488,0.0259676742043506,2.057805890894765,0.0396087703618666,0.1166666666666666
migration_alpha,6,velocity_log_odds,raw_migration,equal,False,3,19,0.006932206092099,0.0133476825527524,0.5193565298471647,0.6035121391654628,-0.0421052631578947
migration_alpha,6,velocity_log_odds,raw_migration,equal,False,4,20,0.0148812165727522,0.0177460114365466,0.8385668309728169,0.4017124302607885,0.095
migration_alpha,6,velocity_log_odds,raw_migration,equal,True,1,14,-0.0093373763638893,0.0100884564576703,-0.9255505441360232,0.3546796050426047,-0.0499999999999999
migration_alpha,6,velocity_log_odds,raw_migration,equal,True,2,18,0.0506685189105884,0.0250882819186312,2.0196089582746883,0.0434239652034004,0.1666666666666666
migration_alpha,6,velocity_log_odds,raw_migration,equal,True,3,19,0.0071289585365286,0.0163902301747215,0.4349517035778764,0.663597484046279,-0.1736842105263157
migration_alpha,6,velocity_log_odds,raw_migration,equal,True,4,20,0.0420109399900832,0.0131198781852424,3.202083083159875,0.0013643764059609,0.19
migration_alpha,6,velocity_log_odds,raw_migration,value,False,1,14,0.051238897889044,0.0194652642865535,2.632324798407148,0.0084802748598406,0.1357142857142857
migration_alpha,6,velocity_log_odds,raw_migration,value,False,2,18,0.0341296473477083,0.0260216178727415,1.31158821540686,0.1896591113705368,0.1722222222222221
migration_alpha,6,velocity_log_odds,raw_migration,value,False,3,19,0.0629679311964846,0.0231485850070336,2.720163291939961,0.0065249685879083,0.1157894736842105
migration_alpha,6,velocity_log_odds,raw_migration,value,False,4,20,0.0061979899595333,0.0178220346151838,0.3477711772736004,0.728012037280933,-0.0649999999999999
migration_alpha,6,velocity_log_odds,raw_migration,value,True,1,14,0.0254429528394304,0.0278757191537571,0.9127281236796804,0.3613855488160166,0.0285714285714285
migration_alpha,6,velocity_log_odds,raw_migration,value,True,2,18,0.0441197731402676,0.0287705852305201,1.533502804575032,0.125152016161264,0.0388888888888888
migration_alpha,6,velocity_log_odds,raw_migration,value,True,3,19,0.0004033508867022,0.024870851033719,0.0162178160351394,0.9870606221920306,-0.0105263157894736
migration_alpha,6,velocity_log_odds,raw_migration,value,True,4,20,0.0520674043625284,0.0227417484263342,2.2895075341804367,0.0220498806604167,0.1149999999999999
migration_alpha,6,viability_log_odds,static_viability,equal,False,1,20,0.0079741778907765,0.0136676854925537,0.5834329371363505,0.5596018904443079,0.19
migration_alpha,6,viability_log_odds,static_viability,equal,False,2,24,0.0257201889162069,0.0101865666302926,2.5249124508468554,0.0115727115711589,0.0749999999999999
migration_alpha,6,viability_log_odds,static_viability,equal,False,3,24,0.022898902795926,0.0101899504596618,2.2472045263197344,0.0246269590511968,0.1208333333333333
migration_alpha,6,viability_log_odds,static_viability,equal,False,4,25,0.0010757548919395,0.0135587284397868,0.079340396609972,0.9367618757088207,-0.0559999999999999
migration_alpha,6,viability_log_odds,static_viability,equal,True,1,20,0.008389408792124,0.0165897676867649,0.5056977861611028,0.6130688226565666,-0.005
migration_alpha,6,viability_log_odds,static_viability,equal,True,2,24,0.0210903812829692,0.0111489854263953,1.891686146888082,0.05853281017122,0.1416666666666666
migration_alpha,6,viability_log_odds,static_viability,equal,True,3,24,0.0205633728103421,0.0097754107949494,2.103581449586382,0.0354149735201922,0.0333333333333333
migration_alpha,6,viability_log_odds,static_viability,equal,True,4,25,0.0243302242538081,0.0199434334767349,1.2199616621777054,0.2224794085793728,0.0159999999999999
migration_alpha,6,viability_log_odds,static_viability,value,False,1,20,0.00314892556417,0.0292057757424007,0.1078185901290227,0.9141395960636642,0.0549999999999999
migration_alpha,6,viability_log_odds,static_viability,value,False,2,24,0.0236603588865117,0.0181990551563997,1.3000872123952825,0.193571079934876,0.0291666666666666
migration_alpha,6,viability_log_odds,static_viability,value,False,3,24,0.0455488100431735,0.0315614196190827,1.4431800151230771,0.1489697677208811,0.1541666666666666
migration_alpha,6,viability_log_odds,static_viability,value,False,4,25,0.0040163928321147,0.0273534782674637,0.1468329838290482,0.8832638495089555,-0.0279999999999999
migration_alpha,6,viability_log_odds,static_viability,value,True,1,20,-0.0018677258728014,0.0311328455302071,-0.0599921350263098,0.9521618987488888,-0.03
migration_alpha,6,viability_log_odds,static_viability,value,True,2,24,0.0298791027737328,0.0194727634878561,1.5344048518006448,0.1249300847457601,0.1166666666666666
migration_alpha,6,viability_log_odds,static_viability,value,True,3,24,0.046973842397618,0.0272584695401016,1.723275121096281,0.0848387845873765,0.1958333333333333
migration_alpha,6,viability_log_odds,static_viability,value,True,4,25,0.0811972246391553,0.0456143946164423,1.7800789711650948,0.0750630375357497,0.1119999999999999
migration_alpha,12,migration_surprise,migration_surprise,equal,False,1,10,0.041197367834802,0.0064011626840707,6.435919514640928,1.2272805712813272e-10,0.09
migration_alpha,12,migration_surprise,migration_surprise,equal,False,2,18,-0.0311004122560693,0.0073979318422464,-4.203933331538442,2.623162299249364e-05,-0.1833333333333333
migration_alpha,12,migration_surprise,migration_surprise,equal,False,3,19,-0.0091740942229851,0.0216522188123805,-0.4237022682284852,0.6717829607656542,-1.460819769243627e-17
migration_alpha,12,migration_surprise,migration_surprise,equal,False,4,20,0.0386847418767416,0.0269600396106691,1.4348918783276772,0.151317910420075,0.1049999999999999
migration_alpha,12,migration_surprise,migration_surprise,equal,True,1,10,0.0414308136915874,0.0149846436532926,2.7648848147605816,0.0056942899066371,0.1699999999999999
migration_alpha,12,migration_surprise,migration_surprise,equal,True,2,18,-0.0136066452709829,0.0238028898327228,-0.5716383752815287,0.5675669915161022,-0.1722222222222222
migration_alpha,12,migration_surprise,migration_surprise,equal,True,3,19,-0.0110558666198693,0.0166374809496628,-0.664515659150519,0.5063603299810375,-0.0263157894736841
migration_alpha,12,migration_surprise,migration_surprise,equal,True,4,20,0.0745149469455425,0.0302983728913041,2.4593712412500186,0.0139180612666443,0.2299999999999999
migration_alpha,12,migration_surprise,migration_surprise,value,False,1,10,0.1347054335522035,0.0205961581587848,6.540318466856776,6.138797026200545e-11,0.0599999999999999
migration_alpha,12,migration_surprise,migration_surprise,value,False,2,18,0.0338798528431093,0.0493055201846728,0.6871411703235872,0.4919937723435267,0.1666666666666666
migration_alpha,12,migration_surprise,migration_surprise,value,False,3,19,0.0060707769826188,0.0603936590128959,0.1005201056177522,0.9199314217024812,0.0421052631578947
migration_alpha,12,migration_surprise,migration_surprise,value,False,4,20,0.0317740805591886,0.0804827256251518,0.3947937934803094,0.6929950757377589,-0.075
migration_alpha,12,migration_surprise,migration_surprise,value,True,1,10,0.0518658259509394,0.0446995970650629,1.1603197647496828,0.245918640339364,0.06
migration_alpha,12,migration_surprise,migration_surprise,value,True,2,18,0.0342246322818162,0.0302900368304623,1.1298973478763463,0.2585194816273762,0.0777777777777777
migration_alpha,12,migration_surprise,migration_surprise,value,True,3,19,-0.0057827322461729,0.0340941568021256,-0.1696106543926137,0.8653163429679567,0.0421052631578947
migration_alpha,12,migration_surprise,migration_surprise,value,True,4,20,0.1118996479575425,0.0575666225445996,1.9438286112903105,0.0519161222983331,0.0849999999999999
migration_alpha,12,velocity_log_odds,raw_migration,equal,False,1,14,0.0125334142388267,0.0045819729653098,2.7353749866525408,0.0062309249145024,0.1571428571428571
migration_alpha,12,velocity_log_odds,raw_migration,equal,False,2,18,0.0681988994128681,0.0334418099672619,2.0393303914959087,0.041417064423852,0.0833333333333333
migration_alpha,12,velocity_log_odds,raw_migration,equal,False,3,19,0.0099195296712719,0.0145410858881152,0.6821725521461511,0.4951298484185873,-0.0421052631578947
migration_alpha,12,velocity_log_odds,raw_migration,equal,False,4,20,0.0162859549982983,0.0276346586056452,0.5893307831554466,0.5556393986984374,0.18
migration_alpha,12,velocity_log_odds,raw_migration,equal,True,1,14,0.0024576504141675,0.0042558682437111,0.5774733317459166,0.5636197488054098,0.0071428571428571
migration_alpha,12,velocity_log_odds,raw_migration,equal,True,2,18,0.082302591909569,0.028302737870412,2.9079374683256005,0.0036382107902688,0.1277777777777777
migration_alpha,12,velocity_log_odds,raw_migration,equal,True,3,19,0.0049467155746569,0.0077689654782737,0.6367277069888644,0.524302222759141,-0.0473684210526315
migration_alpha,12,velocity_log_odds,raw_migration,equal,True,4,20,0.0631615538306066,0.0150411344549364,4.199254651957271,2.677950189854253e-05,0.2699999999999999
migration_alpha,12,velocity_log_odds,raw_migration,value,False,1,14,0.0882225232645983,0.018509141548648,4.766429768378009,1.8751905272070224e-06,0.1857142857142856
migration_alpha,12,velocity_log_odds,raw_migration,value,False,2,18,0.0219238911841806,0.0286833164555788,0.7643429663419037,0.4446628869339909,-0.0166666666666666
migration_alpha,12,velocity_log_odds,raw_migration,value,False,3,19,0.1233742677794167,0.0355909891191645,3.466446728028244,0.0005273862316081,0.1157894736842105
migration_alpha,12,velocity_log_odds,raw_migration,value,False,4,20,-0.0586988775563474,0.0498071658795752,-1.1785227390426265,0.23858827253356,-0.1049999999999999
migration_alpha,12,velocity_log_odds,raw_migration,value,True,1,14,0.0552490221704633,0.0175915373366826,3.1406591199539897,0.0016856810879678,0.0214285714285714
migration_alpha,12,velocity_log_odds,raw_migration,value,True,2,18,0.0506415062653024,0.020970715592666,2.414867820867928,0.0157409208017254,-0.0277777777777777
migration_alpha,12,velocity_log_odds,raw_migration,value,True,3,19,0.0553812768025588,0.0268465989928288,2.0628786840877686,0.0391241558149088,0.0052631578947368
migration_alpha,12,velocity_log_odds,raw_migration,value,True,4,20,0.036898131474023,0.0357999863000544,1.0306744579387437,0.3026935064252933,-0.0149999999999999
migration_alpha,12,viability_log_odds,static_viability,equal,False,1,20,0.0119545122526949,0.0234534779438274,0.5097117059280842,0.6102534507851707,0.175
migration_alpha,12,viability_log_odds,static_viability,equal,False,2,24,0.0591670491203556,0.0277919776578979,2.12892547081987,0.033260427067381,0.2166666666666666
migration_alpha,12,viability_log_odds,static_viability,equal,False,3,24,0.0230161909595701,0.017702748352584,1.3001478923587864,0.1935502858331529,0.0416666666666666
migration_alpha,12,viability_log_odds,static_viability,equal,False,4,25,0.0180698187304457,0.0123489106445624,1.4632722877788729,0.1433928874892843,0.0999999999999999
migration_alpha,12,viability_log_odds,static_viability,equal,True,1,20,0.0077306724132819,0.0210733125814081,0.3668465687782919,0.7137334687655696,0.0749999999999999
migration_alpha,12,viability_log_odds,static_viability,equal,True,2,24,0.0455509345225691,0.0162770540244129,2.7984753539706912,0.0051344487680348,0.1749999999999999
migration_alpha,12,viability_log_odds,static_viability,equal,True,3,24,0.0156977509220846,0.0088462954148535,1.7744999670400918,0.0759804875387005,0.1166666666666666
migration_alpha,12,viability_log_odds,static_viability,equal,True,4,25,0.0466487241658221,0.0210783987847218,2.2131056842721097,0.026890360314685,0.1119999999999999
migration_alpha,12,viability_log_odds,static_viability,value,False,1,20,0.0569123640608145,0.0250451876603756,2.27238720797674,0.0230631336554219,0.1099999999999999
migration_alpha,12,viability_log_odds,static_viability,value,False,2,24,0.0443523493451508,0.0353648711982796,1.2541357522972807,0.2097926672936477,0.0291666666666666
migration_alpha,12,viability_log_odds,static_viability,value,False,3,24,0.0395191217482405,0.0372916088944976,1.0597322807939122,0.2892664125885951,0.0124999999999999
migration_alpha,12,viability_log_odds,static_viability,value,False,4,25,0.1073891407584066,0.0381335407787778,2.816133476337741,0.0048605468306317,0.1279999999999999
migration_alpha,12,viability_log_odds,static_viability,value,True,1,20,0.0262475470804985,0.0244863105892373,1.0719273932609237,0.2837526452155049,0.045
migration_alpha,12,viability_log_odds,static_viability,value,True,2,24,0.0568148629992495,0.016568892903807,3.429007799681974,0.000605792118126,-0.0208333333333333
migration_alpha,12,viability_log_odds,static_viability,value,True,3,24,0.0727564652581998,0.0350305134142462,2.076945444613755,0.0378065947429508,0.1458333333333333
migration_alpha,12,viability_log_odds,static_viability,value,True,4,25,0.1744762484942271,0.0561379433038791,3.107991462205401,0.0018836350962648,0.2199999999999999
regime_shift,1,migration_surprise,migration_surprise,equal,False,1,12,-0.0042484446817072,0.0054324576606356,-0.7820483742546278,0.4341861449964341,-0.0499999999999999
regime_shift,1,migration_surprise,migration_surprise,equal,False,2,18,0.0041201191048179,0.0045211058730408,0.9113078128486444,0.3621332110130573,0.1222222222222221
regime_shift,1,migration_surprise,migration_surprise,equal,False,3,19,-0.0001508810932241,0.0042343060505249,-0.0356330155222039,0.97157498245058,0.0631578947368421
regime_shift,1,migration_surprise,migration_surprise,equal,False,4,20,-0.0097512483293697,0.0043136065756375,-2.260578974550658,0.0237853409399397,-0.125
regime_shift,1,migration_surprise,migration_surprise,equal,True,1,12,-0.0093647554974876,0.0057321455427791,-1.6337260503241249,0.1023163859086398,-0.0333333333333333
regime_shift,1,migration_surprise,migration_surprise,equal,True,2,18,0.0072092065376953,0.0048001909334261,1.5018582880722435,0.1331337110668812,0.3055555555555555
regime_shift,1,migration_surprise,migration_surprise,equal,True,3,19,-0.0015839544112163,0.0047523557961697,-0.3332987846770484,0.7389087566805146,0.1631578947368421
regime_shift,1,migration_surprise,migration_surprise,equal,True,4,20,-0.0073796089216073,0.0055812654831752,-1.322210696454628,0.1860980002109623,-0.09
regime_shift,1,migration_surprise,migration_surprise,value,False,1,12,0.0070011691576406,0.0068061386834111,1.0286550837855897,0.3036417835684442,0.0499999999999999
regime_shift,1,migration_surprise,migration_surprise,value,False,2,18,0.0116314953140961,0.013200184533913,0.8811615689321018,0.3782303768421464,0.3166666666666666
regime_shift,1,migration_surprise,migration_surprise,value,False,3,19,-0.003457738791734,0.0093313373398689,-0.3705512581739533,0.7109717916928544,-0.031578947368421
regime_shift,1,migration_surprise,migration_surprise,value,False,4,20,-0.0022126376572247,0.0145052958776504,-0.1525399878698085,0.878761053684164,0.015
regime_shift,1,migration_surprise,migration_surprise,value,True,1,12,-0.0029155014293012,0.0081858567888179,-0.3561632587176345,0.7217183054467253,-0.0333333333333333
regime_shift,1,migration_surprise,migration_surprise,value,True,2,18,0.0076729135237371,0.0141155323019413,0.5435794669027049,0.5867308926365746,0.2166666666666666
regime_shift,1,migration_surprise,migration_surprise,value,True,3,19,-0.0069453224355565,0.0087405766414583,-0.7946068915651986,0.4268422082750253,-0.031578947368421
regime_shift,1,migration_surprise,migration_surprise,value,True,4,20,0.0017169003767856,0.0147138633983974,0.1166858988899306,0.9071089649905788,-0.0099999999999999
regime_shift,1,velocity_log_odds,raw_migration,equal,False,1,16,-0.0062441827744691,0.0043037314242565,-1.450876497375246,0.1468142534536941,-0.1937499999999999
regime_shift,1,velocity_log_odds,raw_migration,equal,False,2,18,0.0079543742845071,0.004582166213809,1.7359418915305864,0.0825741096527682,0.1777777777777777
regime_shift,1,velocity_log_odds,raw_migration,equal,False,3,19,-0.0004969163236703,0.006626924214083,-0.0749844584934745,0.9402270774026004,0.0736842105263157
regime_shift,1,velocity_log_odds,raw_migration,equal,False,4,20,-0.0057555691785636,0.004926226035948,-1.1683526367981516,0.2426645514081209,-0.0699999999999999
regime_shift,1,velocity_log_odds,raw_migration,equal,True,1,16,-0.0081771306810461,0.0043093143734762,-1.897547955975602,0.0577556557880385,-0.2125
regime_shift,1,velocity_log_odds,raw_migration,equal,True,2,18,0.0095309604080666,0.0056332105514971,1.6919233394415718,0.0906605912623758,0.1666666666666666
regime_shift,1,velocity_log_odds,raw_migration,equal,True,3,19,-0.0018050643173212,0.0070471465890576,-0.2561411621725052,0.7978418390498986,0.1578947368421052
regime_shift,1,velocity_log_odds,raw_migration,equal,True,4,20,-0.0050514070337789,0.0054118989978937,-0.9333890073973898,0.3506191539682481,-0.0149999999999999
regime_shift,1,velocity_log_odds,raw_migration,value,False,1,16,-0.0025456446346605,0.0102557233579976,-0.2482169756144432,0.8039665326332104,0.0187499999999999
regime_shift,1,velocity_log_odds,raw_migration,value,False,2,18,0.0128510436021425,0.0110233700780452,1.1657998879795717,0.2436953625319591,0.2555555555555555
regime_shift,1,velocity_log_odds,raw_migration,value,False,3,19,0.0031681081306593,0.0115658018047638,0.2739203199344487,0.7841458555601281,0.0999999999999999
regime_shift,1,velocity_log_odds,raw_migration,value,False,4,20,0.0008199799284921,0.0148227406194188,0.0553190499345229,0.9558842857504728,0.08
regime_shift,1,velocity_log_odds,raw_migration,value,True,1,16,-0.0037299040353288,0.0081819841046377,-0.4558679151203248,0.6484849628848376,-0.11875
regime_shift,1,velocity_log_odds,raw_migration,value,True,2,18,0.0078203033836643,0.0130261219217764,0.6003554573361333,0.5482693665057239,0.1555555555555555
regime_shift,1,velocity_log_odds,raw_migration,value,True,3,19,0.005711045256632,0.0141871169267353,0.4025515040247313,0.687278192001253,0.0947368421052631
regime_shift,1,velocity_log_odds,raw_migration,value,True,4,20,-0.0020100324562635,0.0148466037699323,-0.1353866842148954,0.8923061516565595,-0.0099999999999999
regime_shift,1,viability_log_odds,static_viability,equal,False,1,20,-0.0049905253634713,0.0024869399700153,-2.006693134390599,0.0447823475161742,-0.125
regime_shift,1,viability_log_odds,static_viability,equal,False,2,22,0.0026718370354526,0.0042066278818713,0.6351493667807097,0.5253310025880624,0.1363636363636363
regime_shift,1,viability_log_odds,static_viability,equal,False,3,25,0.0079882177166209,0.0044799208091297,1.7831158310525528,0.0745674499196364,0.044
regime_shift,1,viability_log_odds,static_viability,equal,False,4,25,-0.0025129717570996,0.0042644699445014,-0.5892811509528446,0.5556726870573929,-0.064
regime_shift,1,viability_log_odds,static_viability,equal,True,1,20,-0.0023875373297192,0.0042394027131997,-0.563177761406208,0.573313844512973,-0.06
regime_shift,1,viability_log_odds,static_viability,equal,True,2,22,0.0088822550591176,0.0038032213220022,2.335455737937861,0.0195196255812009,0.1272727272727272
regime_shift,1,viability_log_odds,static_viability,equal,True,3,25,0.0051757395539283,0.0064087949465311,0.807599493681695,0.419321178305941,0.0039999999999999
regime_shift,1,viability_log_odds,static_viability,equal,True,4,25,0.0022014334117024,0.0058789137312479,0.3744626154320392,0.7080601652853662,0.0479999999999999
regime_shift,1,viability_log_odds,static_viability,value,False,1,20,0.0063830557025179,0.0092721795073243,0.6884094184625988,0.4911949943966629,-0.02
regime_shift,1,viability_log_odds,static_viability,value,False,2,22,0.0054184634314286,0.0095476217935441,0.5675196974279481,0.570361147906858,0.1318181818181818
regime_shift,1,viability_log_odds,static_viability,value,False,3,25,0.0064137552735988,0.0097552320238198,0.6574682445213059,0.510879883148479,0.008
regime_shift,1,viability_log_odds,static_viability,value,False,4,25,-0.0070777106926322,0.0144561647747954,-0.4895980920868021,0.6244183268160806,-0.048
regime_shift,1,viability_log_odds,static_viability,value,True,1,20,4.634946085431261e-05,0.0079506721644898,0.0058296279730063,0.995348656190776,0.0999999999999999
regime_shift,1,viability_log_odds,static_viability,value,True,2,22,0.0050336866645991,0.010184969191779,0.4942269897745175,0.6211458806901813,0.1499999999999999
regime_shift,1,viability_log_odds,static_viability,value,True,3,25,-0.0029968677552801,0.0106522567645596,-0.2813364173919309,0.7784523807636863,-0.044
regime_shift,1,viability_log_odds,static_viability,value,True,4,25,-0.0010951130194572,0.012174418744734,-0.0899519757303325,0.928325377862072,-0.0519999999999999
regime_shift,3,migration_surprise,migration_surprise,equal,False,1,12,0.008110236270018,0.0061215940153909,1.3248569326268953,0.1852186074854529,0.0083333333333333
regime_shift,3,migration_surprise,migration_surprise,equal,False,2,18,-0.0018786041843582,0.0127115329548718,-0.1477873826097599,0.8825105672085913,0.111111111111111
regime_shift,3,migration_surprise,migration_surprise,equal,False,3,19,-0.0115105510702592,0.0090749394860149,-1.268388741103757,0.2046591603212129,-0.0526315789473684
regime_shift,3,migration_surprise,migration_surprise,equal,False,4,20,-0.0062919044789702,0.0143308656980256,-0.4390456662947469,0.6606284474035808,0.0549999999999999
regime_shift,3,migration_surprise,migration_surprise,equal,True,1,12,-0.0070769055410803,0.0056771414139387,-1.2465614338414852,0.2125583501435318,-0.1249999999999999
regime_shift,3,migration_surprise,migration_surprise,equal,True,2,18,0.0023184910995665,0.0103747982498517,0.2234733672627951,0.8231671088732322,0.0777777777777777
regime_shift,3,migration_surprise,migration_surprise,equal,True,3,19,-0.000901648932695,0.0160181571625388,-0.0562891800564722,0.9551114382337292,0.2157894736842105
regime_shift,3,migration_surprise,migration_surprise,equal,True,4,20,-0.0048979468440712,0.0131821201155701,-0.3715598705769631,0.7102205718805923,0.0549999999999999
regime_shift,3,migration_surprise,migration_surprise,value,False,1,12,0.0421499226072139,0.0197885991303473,2.130010433258704,0.0331707520167406,0.2999999999999999
regime_shift,3,migration_surprise,migration_surprise,value,False,2,18,0.0150053536510221,0.0276145525386186,0.5433857249737206,0.5868642522034591,0.0222222222222222
regime_shift,3,migration_surprise,migration_surprise,value,False,3,19,0.0263730762361887,0.0236034982960441,1.1173376041723766,0.2638500027855391,0.1421052631578947
regime_shift,3,migration_surprise,migration_surprise,value,False,4,20,-0.0065518814671971,0.0276321636282094,-0.2371106930080712,0.8125709170648713,0.0649999999999999
regime_shift,3,migration_surprise,migration_surprise,value,True,1,12,0.0137577642784929,0.0234570208987431,0.5865094437132969,0.5575332171811471,0.125
regime_shift,3,migration_surprise,migration_surprise,value,True,2,18,0.0037547365978141,0.0211068281425683,0.1778920343905931,0.8588077667058313,0.0611111111111111
regime_shift,3,migration_surprise,migration_surprise,value,True,3,19,0.0278113174828972,0.0260806469300574,1.0663584211496402,0.2862616496904999,0.2157894736842105
regime_shift,3,migration_surprise,migration_surprise,value,True,4,20,-0.0125957620249529,0.0186534360985066,-0.6752515707259632,0.4995159469864397,0.1049999999999999
regime_shift,3,velocity_log_odds,raw_migration,equal,False,1,16,0.013088788958983,0.0077741929068359,1.683620295487383,0.0922550738585864,0.0812499999999999
regime_shift,3,velocity_log_odds,raw_migration,equal,False,2,18,0.0180174412783484,0.0117548249441762,1.5327698510112526,0.1253325715379474,0.211111111111111
regime_shift,3,velocity_log_odds,raw_migration,equal,False,3,19,0.001661421858291,0.0064124089346538,0.2590948074618899,0.7955620910881605,0.1210526315789473
regime_shift,3,velocity_log_odds,raw_migration,equal,False,4,20,0.0076769655049202,0.0139378539336175,0.5507996813199293,0.581771002648245,0.1399999999999999
regime_shift,3,velocity_log_odds,raw_migration,equal,True,1,16,0.0046160933522497,0.0123600220643691,0.3734696692457179,0.7087989154146757,-0.1249999999999999
regime_shift,3,velocity_log_odds,raw_migration,equal,True,2,18,0.0156875206425595,0.0111272277083965,1.40983190545493,0.1585893232433792,0.1666666666666666
regime_shift,3,velocity_log_odds,raw_migration,equal,True,3,19,0.0051200902871275,0.0137801519474578,0.371555430350103,0.7102238783685075,0.1368421052631578
regime_shift,3,velocity_log_odds,raw_migration,equal,True,4,20,0.0072900344999449,0.0140837140557143,0.5176215926499212,0.6047223133670819,-0.005
regime_shift,3,velocity_log_odds,raw_migration,value,False,1,16,0.0606718580235463,0.0132557197317279,4.577032349162204,4.71618553105572e-06,0.2624999999999999
regime_shift,3,velocity_log_odds,raw_migration,value,False,2,18,0.0096193110309522,0.0219264896287252,0.4387072985157789,0.6608736379791127,0.0055555555555555
regime_shift,3,velocity_log_odds,raw_migration,value,False,3,19,0.0229919166590953,0.0188365563454009,1.2206008485573867,0.2222371849057567,0.2052631578947368
regime_shift,3,velocity_log_odds,raw_migration,value,False,4,20,0.0086847735544208,0.0285344505478974,0.3043609877766078,0.7608528859987896,0.055
regime_shift,3,velocity_log_odds,raw_migration,value,True,1,16,0.049335759783335,0.0185417747935889,2.660789505457341,0.0077957676315432,0.1375
regime_shift,3,velocity_log_odds,raw_migration,value,True,2,18,0.0131119534824985,0.0184231420412079,0.7117110345873907,0.4766437331920021,0.0166666666666666
regime_shift,3,velocity_log_odds,raw_migration,value,True,3,19,0.0117482719297091,0.0208535824225933,0.5633694821174094,0.5731833136438633,0.0894736842105263
regime_shift,3,velocity_log_odds,raw_migration,value,True,4,20,-0.0206169823321556,0.0220285532480644,-0.9359208523586168,0.349313940029233,-0.0799999999999999
regime_shift,3,viability_log_odds,static_viability,equal,False,1,20,-0.0178655269097362,0.0114719573664444,-1.5573215920408665,0.1193941514792583,-0.09
regime_shift,3,viability_log_odds,static_viability,equal,False,2,22,0.0090357461952218,0.0124251903807935,0.7272118911907425,0.4670961628576043,0.0499999999999999
regime_shift,3,viability_log_odds,static_viability,equal,False,3,25,0.0184442542669888,0.0068823714815026,2.67992716123512,0.0073638181812839,0.1079999999999999
regime_shift,3,viability_log_odds,static_viability,equal,False,4,25,-0.0045301062413424,0.0107178065359011,-0.4226710219267449,0.6725353008745286,-0.148
regime_shift,3,viability_log_odds,static_viability,equal,True,1,20,-0.0108835544374528,0.0089743535453381,-1.212739656674925,0.2252293728274316,-0.0399999999999999
regime_shift,3,viability_log_odds,static_viability,equal,True,2,22,0.0098574122081925,0.0124796617584635,0.7898781552719049,0.4295989299941983,0.0727272727272727
regime_shift,3,viability_log_odds,static_viability,equal,True,3,25,0.006209616689685,0.008361734536655,0.7426230362210378,0.4577099376795026,-0.0159999999999999
regime_shift,3,viability_log_odds,static_viability,equal,True,4,25,0.0081650874009411,0.0112860145539411,0.7234695083828148,0.4693914807024483,-0.0279999999999999
regime_shift,3,viability_log_odds,static_viability,value,False,1,20,-0.0061420793486419,0.0181741627006071,-0.337956661323207,0.7353958473967654,0.0
regime_shift,3,viability_log_odds,static_viability,value,False,2,22,0.0124502297390823,0.0150754535727776,0.8258610382087752,0.4088829244415199,-0.0909090909090909
regime_shift,3,viability_log_odds,static_viability,value,False,3,25,0.0122118335273136,0.0195446172506572,0.624818248968421,0.5320903520612947,-4.440892098500626e-18
regime_shift,3,viability_log_odds,static_viability,value,False,4,25,0.0140408531934837,0.016908363447246,0.8304087641178916,0.4063077121419126,0.048
regime_shift,3,viability_log_odds,static_viability,value,True,1,20,-0.0001350370118741,0.0151501512986911,-0.0089132451030905,0.992888353510955,0.0749999999999999
regime_shift,3,viability_log_odds,static_viability,value,True,2,22,0.0086251561082817,0.0201320207459716,0.4284297248207229,0.6683382873238688,-0.0363636363636363
regime_shift,3,viability_log_odds,static_viability,value,True,3,25,-0.0323118838092686,0.0155254632235772,-2.081218662783549,0.0374138960730845,-0.088
regime_shift,3,viability_log_odds,static_viability,value,True,4,25,0.0301851677315386,0.0188725517772872,1.599421640896806,0.1097269469239133,0.1239999999999999
regime_shift,6,migration_surprise,migration_surprise,equal,False,1,12,0.0291337940944044,0.0100159452128262,2.9087413594371854,0.0036288694139237,0.125
regime_shift,6,migration_surprise,migration_surprise,equal,False,2,18,0.001005021593346,0.012598585678198,0.0797725728122992,0.9364181385117732,0.2222222222222222
regime_shift,6,migration_surprise,migration_surprise,equal,False,3,19,-0.0251190809353473,0.0162739478137339,-1.543514900185975,0.1227058950850905,-0.0947368421052631
regime_shift,6,migration_surprise,migration_surprise,equal,False,4,20,0.0002776682651437,0.0204713398446713,0.0135637563173954,0.98917802007871,0.09
regime_shift,6,migration_surprise,migration_surprise,equal,True,1,12,0.020040502354627,0.0072576220246003,2.761304224262163,0.0057571021202699,0.1999999999999999
regime_shift,6,migration_surprise,migration_surprise,equal,True,2,18,0.000264695105719,0.0082075433511311,0.0322502232878908,0.9742725045957208,0.0833333333333333
regime_shift,6,migration_surprise,migration_surprise,equal,True,3,19,0.0012030343980503,0.0190487789460299,0.0631554600669625,0.949642711653795,0.0421052631578947
regime_shift,6,migration_surprise,migration_surprise,equal,True,4,20,0.0030951537727263,0.0136088765490583,0.2274363913559423,0.8200844254202648,0.0649999999999999
regime_shift,6,migration_surprise,migration_surprise,value,False,1,12,0.0850335957505909,0.0266181601716939,3.194570744262658,0.0014003895851515,0.2749999999999999
regime_shift,6,migration_surprise,migration_surprise,value,False,2,18,0.0079875516717124,0.0177128867912731,0.4509457868633663,0.6520286224501118,0.0444444444444444
regime_shift,6,migration_surprise,migration_surprise,value,False,3,19,0.0132499812356064,0.0510542790936279,0.2595273397418356,0.7952283903883306,0.0842105263157894
regime_shift,6,migration_surprise,migration_surprise,value,False,4,20,-0.0115708562194387,0.0331656037053087,-0.3488812180912179,0.7271784861055333,0.0799999999999999
regime_shift,6,migration_surprise,migration_surprise,value,True,1,12,0.0588119278882874,0.0313073492024864,1.878534254302711,0.0603081156139858,0.125
regime_shift,6,migration_surprise,migration_surprise,value,True,2,18,-0.0039379335483716,0.0106929715388076,-0.3682730786367346,0.7126696242326166,0.0055555555555555
regime_shift,6,migration_surprise,migration_surprise,value,True,3,19,0.0118889404261776,0.0402155451569327,0.2956304677652271,0.7675123031975335,0.1526315789473684
regime_shift,6,migration_surprise,migration_surprise,value,True,4,20,-0.0180160038317558,0.0231305311518886,-0.7788841386067719,0.4360479681924449,0.1049999999999999
regime_shift,6,velocity_log_odds,raw_migration,equal,False,1,16,0.0293490864603232,0.0135710355539277,2.1626268934082127,0.0305698880751131,0.2125
regime_shift,6,velocity_log_odds,raw_migration,equal,False,2,18,0.0191141039617983,0.0114639473848507,1.6673230712012048,0.0954501814746632,0.2833333333333333
regime_shift,6,velocity_log_odds,raw_migration,equal,False,3,19,-0.020273370185949,0.0139991900170413,-1.4481816563151186,0.1475662533710178,-0.0684210526315789
regime_shift,6,velocity_log_odds,raw_migration,equal,False,4,20,0.0077052373307713,0.0183218116172504,0.4205499702614919,0.6740837328996303,0.1449999999999999
regime_shift,6,velocity_log_odds,raw_migration,equal,True,1,16,0.0159242846619621,0.0075515586149383,2.108741449806273,0.0349669049253646,0.0499999999999999
regime_shift,6,velocity_log_odds,raw_migration,equal,True,2,18,0.0144994757796227,0.0106672636957308,1.359249775125141,0.1740674533747552,0.1277777777777777
regime_shift,6,velocity_log_odds,raw_migration,equal,True,3,19,-0.0139221194963693,0.0310516506601688,-0.4483536044100802,0.6538980199129044,0.0368421052631578
regime_shift,6,velocity_log_odds,raw_migration,equal,True,4,20,0.0100427679885398,0.0131668235151817,0.7627327864583425,0.4456227731367229,0.08
regime_shift,6,velocity_log_odds,raw_migration,value,False,1,16,0.1011625328130166,0.0295027750823705,3.428915840309087,0.0006059974076365,0.1875
regime_shift,6,velocity_log_odds,raw_migration,value,False,2,18,0.0210623040834654,0.0183317013960199,1.1489552239836478,0.2505744443582537,-0.0499999999999999
regime_shift,6,velocity_log_odds,raw_migration,value,False,3,19,0.0026912715668211,0.0482890512543942,0.055732541785572,0.9555548751856158,0.0999999999999999
regime_shift,6,velocity_log_odds,raw_migration,value,False,4,20,0.0067025934565786,0.0328755678221244,0.2038776483753372,0.8384491122352252,0.0799999999999999
regime_shift,6,velocity_log_odds,raw_migration,value,True,1,16,0.0914062850616615,0.0369960886325112,2.4707013211482023,0.013484839278348,0.2312499999999999
regime_shift,6,velocity_log_odds,raw_migration,value,True,2,18,0.0268182636080342,0.014258945606446,1.8808027148873172,0.059998760730427,-0.0277777777777777
regime_shift,6,velocity_log_odds,raw_migration,value,True,3,19,0.0205249196987263,0.0444248802319791,0.4620140694031983,0.6440712310437391,0.031578947368421
regime_shift,6,velocity_log_odds,raw_migration,value,True,4,20,-0.0233294529535142,0.0279549208654198,-0.8345383292561084,0.403977697773461,-0.0199999999999999
regime_shift,6,viability_log_odds,static_viability,equal,False,1,20,-0.027314073428861,0.0172545335163015,-1.5830085121139637,0.1134195242735611,-0.145
regime_shift,6,viability_log_odds,static_viability,equal,False,2,22,0.0154831562122761,0.0092530145201118,1.6733094040458685,0.094266402117951,0.0727272727272727
regime_shift,6,viability_log_odds,static_viability,equal,False,3,25,0.0304150989983105,0.0100576497562191,3.024076174406784,0.0024939363568873,0.1919999999999999
regime_shift,6,viability_log_odds,static_viability,equal,False,4,25,0.0002608061514667,0.0127382835610899,0.020474198915105,0.9836650940446888,-0.1239999999999999
regime_shift,6,viability_log_odds,static_viability,equal,True,1,20,-0.0174658565939374,0.0117978029558333,-1.480432980557749,0.1387577339005085,-0.005
regime_shift,6,viability_log_odds,static_viability,equal,True,2,22,0.0281159833596453,0.012055588689552,2.332194974768178,0.0196904364251464,0.1863636363636362
regime_shift,6,viability_log_odds,static_viability,equal,True,3,25,0.0213345063862365,0.0101957527736347,2.092489574816441,0.0363947433697384,0.064
regime_shift,6,viability_log_odds,static_viability,equal,True,4,25,0.0113160369771784,0.0132104980824565,0.8565942712035997,0.3916691528827469,-0.024
regime_shift,6,viability_log_odds,static_viability,value,False,1,20,0.0144095240404877,0.0282351563059469,0.5103398006496164,0.6098134236102255,0.0799999999999999
regime_shift,6,viability_log_odds,static_viability,value,False,2,22,0.0269360930449527,0.0179902851487003,1.4972577044949569,0.1343262156851251,0.1999999999999999
regime_shift,6,viability_log_odds,static_viability,value,False,3,25,-0.014473863506606,0.0282022179013655,-0.5132172071440235,0.6077993906899792,-0.036
regime_shift,6,viability_log_odds,static_viability,value,False,4,25,0.0181565120313892,0.0187925324075162,0.9661556855491904,0.333966283546855,0.0439999999999999
regime_shift,6,viability_log_odds,static_viability,value,True,1,20,0.0145627067473051,0.0233584830194751,0.6234440282429089,0.5329927728021555,0.2
regime_shift,6,viability_log_odds,static_viability,value,True,2,22,0.0421671054751182,0.0277982364775156,1.5168985812903892,0.1292922918746774,0.0954545454545454
regime_shift,6,viability_log_odds,static_viability,value,True,3,25,-0.0788907903204535,0.0330109716610078,-2.389835450182713,0.0168559229579079,-0.1279999999999999
regime_shift,6,viability_log_odds,static_viability,value,True,4,25,0.016603218010192,0.031562347683537,0.5260450894422,0.5988568791417077,-0.0239999999999999
regime_shift,12,migration_surprise,migration_surprise,equal,False,1,12,0.0446438908532451,0.0141077198430521,3.1645008087704376,0.0015534923038117,0.0666666666666666
regime_shift,12,migration_surprise,migration_surprise,equal,False,2,18,-0.006934949991924,0.0103393663293402,-0.6707325933741782,0.5023908953950105,0.0777777777777777
regime_shift,12,migration_surprise,migration_surprise,equal,False,3,19,0.0188217766291716,0.0161942353858413,1.162251639594395,0.2451332642537326,-0.0368421052631579
regime_shift,12,migration_surprise,migration_surprise,equal,False,4,20,0.0161406600281717,0.0215618992400898,0.7485732053770817,0.4541144869426957,0.1249999999999999
regime_shift,12,migration_surprise,migration_surprise,equal,True,1,12,0.0495013227480993,0.0093791808336285,5.277787434337024,1.3075301133670162e-07,0.0333333333333333
regime_shift,12,migration_surprise,migration_surprise,equal,True,2,18,0.0189569190305184,0.0143775840508852,1.318505178855225,0.1873345925498329,0.1666666666666666
regime_shift,12,migration_surprise,migration_surprise,equal,True,3,19,0.0503695770405958,0.0188399724800878,2.673548334204407,0.0075053459754078,0.1210526315789473
regime_shift,12,migration_surprise,migration_surprise,equal,True,4,20,0.0030027647388595,0.0173760369073265,0.1728106791482172,0.8628002425925376,0.0799999999999999
regime_shift,12,migration_surprise,migration_surprise,value,False,1,12,0.1840616977274813,0.0642076247421488,2.8666641768271903,0.0041482293593006,0.3499999999999999
regime_shift,12,migration_surprise,migration_surprise,value,False,2,18,-0.0365480647143995,0.0298548014623487,-1.224193862434222,0.2208791039569975,-0.0166666666666666
regime_shift,12,migration_surprise,migration_surprise,value,False,3,19,0.0795612931470179,0.0292071004533134,2.724039425762034,0.0064488807637368,0.0894736842105263
regime_shift,12,migration_surprise,migration_surprise,value,False,4,20,-0.0548139336272952,0.0263947760430636,-2.0766962954285053,0.0378295987414233,-0.1549999999999999
regime_shift,12,migration_surprise,migration_surprise,value,True,1,12,0.1810173728739028,0.0616251692075231,2.93739352283684,0.0033098380930417,0.2416666666666666
regime_shift,12,migration_surprise,migration_surprise,value,True,2,18,-0.0333708072623789,0.0308353477838432,-1.082225746124526,0.2791522309709838,-0.0055555555555555
regime_shift,12,migration_surprise,migration_surprise,value,True,3,19,0.0593162538788947,0.0357321534792202,1.660024602586286,0.0969095032648947,0.1210526315789473
regime_shift,12,migration_surprise,migration_surprise,value,True,4,20,-0.0414999181725007,0.0235398468482372,-1.762964663281506,0.0779064497085788,-0.09
regime_shift,12,velocity_log_odds,raw_migration,equal,False,1,16,0.048710900255799,0.0204588164810251,2.380924639554619,0.0172692444331658,0.0937499999999999
regime_shift,12,velocity_log_odds,raw_migration,equal,False,2,18,0.033919845332537,0.0145362972370794,2.333458430253734,0.0196240976595586,0.2388888888888888
regime_shift,12,velocity_log_odds,raw_migration,equal,False,3,19,-0.0172022015582327,0.0142106182309728,-1.2105174650839297,0.226080393184759,-0.0368421052631579
regime_shift,12,velocity_log_odds,raw_migration,equal,False,4,20,0.0242600292204902,0.021471381298375,1.1298774346821503,0.25852787353972,0.18
regime_shift,12,velocity_log_odds,raw_migration,equal,True,1,16,0.0457445863879114,0.0091778082189724,4.984260435225442,6.219925584544798e-07,0.0624999999999999
regime_shift,12,velocity_log_odds,raw_migration,equal,True,2,18,0.0432079446251473,0.0188434615413906,2.2929940197154783,0.0218483492532264,0.1833333333333332
regime_shift,12,velocity_log_odds,raw_migration,equal,True,3,19,-0.0098491361724912,0.0423533386383015,-0.2325468661774939,0.8161132907618546,0.0421052631578947
regime_shift,12,velocity_log_odds,raw_migration,equal,True,4,20,0.0232204785428924,0.0237243252901154,0.9787624414578,0.3276973714771387,0.115
regime_shift,12,velocity_log_odds,raw_migration,value,False,1,16,0.1720544741190133,0.026123893482447,6.586096143540723,4.5154148979041607e-11,0.3874999999999999
regime_shift,12,velocity_log_odds,raw_migration,value,False,2,18,-0.0297072002900426,0.0294751881407013,-1.007871439131576,0.3135161844471597,-0.1722222222222222
regime_shift,12,velocity_log_odds,raw_migration,value,False,3,19,-0.0102078450566974,0.0355269094318275,-0.2873271337121289,0.7738618484740993,-0.0263157894736842
regime_shift,12,velocity_log_odds,raw_migration,value,False,4,20,-0.0334636219902587,0.0257108900672576,-1.3015349489154422,0.1930754098424465,-0.09
regime_shift,12,velocity_log_odds,raw_migration,value,True,1,16,0.1657887481083311,0.0442206542794841,3.749124720328879,0.0001774528240801,0.2499999999999999
regime_shift,12,velocity_log_odds,raw_migration,value,True,2,18,0.00146468424962,0.0203798108491354,0.0718693740811701,0.9427058629453244,-0.0611111111111111
regime_shift,12,velocity_log_odds,raw_migration,value,True,3,19,0.0004685888673965,0.0421294181550143,0.0111226047716201,0.9911256283553984,0.0894736842105262
regime_shift,12,velocity_log_odds,raw_migration,value,True,4,20,-0.0351167597764484,0.0359113175997879,-0.9778744452600036,0.3281364255678103,-0.0349999999999999
regime_shift,12,viability_log_odds,static_viability,equal,False,1,20,-0.0262888166994088,0.0295806302081845,-0.888717262424489,0.3741550513015445,-0.1399999999999999
regime_shift,12,viability_log_odds,static_viability,equal,False,2,22,0.0271541899104677,0.0137631269409461,1.9729666104933172,0.0484993665876319,0.1363636363636363
regime_shift,12,viability_log_odds,static_viability,equal,False,3,25,0.0333559455245561,0.0105597139745928,3.1587925207834364,0.0015842423186006,0.108
regime_shift,12,viability_log_odds,static_viability,equal,False,4,25,-0.0195097066365183,0.0129754236996747,-1.5035891765913811,0.1326871797005977,-0.192
regime_shift,12,viability_log_odds,static_viability,equal,True,1,20,-0.0133784771461311,0.0239371859473652,-0.558899328248052,0.5762304279002353,-0.0099999999999999
regime_shift,12,viability_log_odds,static_viability,equal,True,2,22,0.0562626724582944,0.0085408049582461,6.587514026294756,4.472517449426937e-11,0.2636363636363636
regime_shift,12,viability_log_odds,static_viability,equal,True,3,25,0.0262124522252385,0.0136709265698607,1.917386659293972,0.055188827798356,-0.0359999999999999
regime_shift,12,viability_log_odds,static_viability,equal,True,4,25,-0.0078136084411546,0.0106203327414147,-0.7357216229850226,0.4619001277178872,-0.1359999999999999
regime_shift,12,viability_log_odds,static_viability,value,False,1,20,0.037270530440454,0.0260213465588627,1.4323059860159253,0.1520562707134474,0.1699999999999999
regime_shift,12,viability_log_odds,static_viability,value,False,2,22,0.0623061825776874,0.0295232163563946,2.110413100847398,0.0348227890057299,0.1818181818181818
regime_shift,12,viability_log_odds,static_viability,value,False,3,25,-0.0095849604026049,0.0320260487451761,-0.2992863864933909,0.7647215408386479,-0.036
regime_shift,12,viability_log_odds,static_viability,value,False,4,25,-0.0494333118761452,0.0306988201846832,-1.6102674819017744,0.1073394750199258,-0.072
regime_shift,12,viability_log_odds,static_viability,value,True,1,20,0.0314989437359696,0.0272573509026564,1.1556128050910408,0.2478395679413658,0.1299999999999999
regime_shift,12,viability_log_odds,static_viability,value,True,2,22,0.0880424556781713,0.0322394165521731,2.730894820496893,0.0063162626097663,0.1727272727272726
regime_shift,12,viability_log_odds,static_viability,value,True,3,25,-0.1012476962279813,0.0303448762806379,-3.3365664533153567,0.0008482014834922,-0.2319999999999999
regime_shift,12,viability_log_odds,static_viability,value,True,4,25,-0.012149033807368,0.032692232001799,-0.371618365081327,0.7101770134957561,-0.0679999999999999
