scenario,horizon_months,signal,signal_label,weighting,industry_neutral,delay_months,cost_scenario,months,first_month,last_month,mean_monthly_gross_capacity_return,annualized_gross_capacity_return,annualized_gross_capacity_sharpe,mean_monthly_net_return,annualized_net_return,annualized_net_sharpe,net_maximum_drawdown,net_hit_rate,average_turnover,average_costed_turnover,annualized_transaction_cost,annualized_borrow_cost,average_capacity_fill_ratio,average_long_gross_exposure,average_short_gross_exposure,net_factor_alpha_monthly,net_factor_alpha_hac_standard_error,net_factor_alpha_t_stat,net_factor_alpha_p_value,net_factor_r_squared,annualized_p7_gross_return,annualized_capacity_adjustment,reconciliation_error
null_alpha,6,migration_surprise,migration_surprise,equal,False,0,conservative,143,2002-04-30,2019-12-31,0.0010681146915436,0.0128173762985243,0.2385075353673323,-0.0084234793763029,-0.1010817525156358,-1.8303147931493828,-0.7131387955625557,0.2307692307692307,0.6179234820946137,0.6164176867935062,0.0840998092973477,0.0297993195168124,0.8942074002593534,0.8956985936234193,0.8927162068952877,-0.0097376924050924,0.0016906640436705,-5.759685043014902,8.427103059580918e-09,0.0775830565291177,0.0106284617060546,0.0021889145924696,1.3877787807814457e-17
null_alpha,6,migration_surprise,migration_surprise,equal,False,0,low,143,2002-04-30,2019-12-31,0.0010681146915436,0.0128173762985243,0.2385075353673323,-0.0049193206555801,-0.0590318478669619,-1.0959587946108134,-0.5480073215548796,0.3286713286713286,0.6179234820946137,0.6164176867935062,0.0420499046486738,0.0297993195168124,0.8942074002593534,0.8956985936234193,0.8927162068952877,-0.0062438560471275,0.0016101799386217,-3.877738069741501,0.000105432138546,0.0814578145837652,0.0106284617060546,0.0021889145924696,0.0
null_alpha,6,migration_surprise,migration_surprise,equal,False,0,severe,143,2002-04-30,2019-12-31,0.0010681146915436,0.0128173762985243,0.2385075353673323,-0.0131604734706128,-0.1579256816473537,-2.677815619992577,-0.8509056220201843,0.1678321678321678,0.6179234820946137,0.6164176867935062,0.1409437384290656,0.0297993195168124,0.8942074002593534,0.8956985936234193,0.8927162068952877,-0.0144616071804336,0.0018353651747545,-7.879416793645931,3.2891263539282707e-15,0.0703724499826281,0.0106284617060546,0.0021889145924696,2.775557561562892e-17
null_alpha,6,migration_surprise,migration_surprise,equal,True,0,conservative,143,2002-04-30,2019-12-31,0.0007195186593313,0.0086342239119763,0.1721262263171532,-0.0083293891922333,-0.0999526703068006,-1.903097923618572,-0.7159739060950436,0.2727272727272727,0.5898007482318376,0.5884702560183876,0.0801945725779611,0.0283923216408158,0.8576407710971123,0.8644782470462052,0.8508032951480193,-0.0091581954867205,0.0016042190372659,-5.708818605175652,1.1376305678364397e-08,0.0624788466293553,0.0081927966671281,0.0004414272448482,0.0
null_alpha,6,migration_surprise,migration_surprise,equal,True,0,low,143,2002-04-30,2019-12-31,0.0007195186593313,0.0086342239119763,0.1721262263171532,-0.0049879486681516,-0.05985538401782,-1.1799759502769518,-0.5638664945772316,0.3426573426573426,0.5898007482318376,0.5884702560183876,0.0400972862889805,0.0283923216408158,0.8576407710971123,0.8644782470462052,0.8508032951480193,-0.0058244073295998,0.001530438518769,-3.805711407658957,0.0001413971782507,0.0653205081506672,0.0081927966671281,0.0004414272448482,6.938893903907228e-18
null_alpha,6,migration_surprise,migration_surprise,equal,True,0,severe,143,2002-04-30,2019-12-31,0.0007195186593313,0.0086342239119763,0.1721262263171532,-0.0128477702283518,-0.1541732427402224,-2.721772500366806,-0.845742681360032,0.2097902097902098,0.5898007482318376,0.5884702560183876,0.1344151450113829,0.0283923216408158,0.8576407710971123,0.8644782470462052,0.8508032951480193,-0.013666970177831,0.0017379498855669,-7.863845955128339,3.7251560723380755e-15,0.0576526118870791,0.0081927966671281,0.0004414272448482,-5.551115123125783e-17
null_alpha,6,migration_surprise,migration_surprise,value,False,0,conservative,143,2002-04-30,2019-12-31,0.0003188179072895,0.003825814887475,0.0628233493004052,-0.0055927467024655,-0.0671129604295861,-1.0820094030025862,-0.6111216836831553,0.3776223776223776,0.4205170093209243,0.4194902803672451,0.0519280262144227,0.0190107491026384,0.6161010003919695,0.6036344638440515,0.6285675369398873,-0.0064419231869493,0.0017497347439611,-3.681657010688157,0.0002317230146368,0.0990314970653538,0.0300163994200017,-0.0261905845325266,1.3877787807814457e-17
null_alpha,6,migration_surprise,migration_surprise,value,False,0,low,143,2002-04-30,2019-12-31,0.0003188179072895,0.003825814887475,0.0628233493004052,-0.0034290789435312,-0.0411489473223747,-0.6704671329463717,-0.5257384601395529,0.4195804195804196,0.4205170093209243,0.4194902803672451,0.0259640131072113,0.0190107491026384,0.6161010003919695,0.6036344638440515,0.6285675369398873,-0.0042856263192582,0.0017122423021271,-2.502932157402133,0.0123169151580356,0.1018745863344049,0.0300163994200017,-0.0261905845325266,6.938893903907228e-18
null_alpha,6,migration_surprise,migration_surprise,value,False,0,severe,143,2002-04-30,2019-12-31,0.0003188179072895,0.003825814887475,0.0628233493004052,-0.0085953950221342,-0.1031447402656113,-1.6200116548816983,-0.7160060820290732,0.3076923076923077,0.4205170093209243,0.4194902803672451,0.087959806050448,0.0190107491026384,0.6161010003919695,0.6036344638440515,0.6285675369398873,-0.0094346484240688,0.001818224452543,-5.188934958427923,2.115002480197929e-07,0.0936775947992649,0.0300163994200017,-0.0261905845325266,0.0
null_alpha,6,migration_surprise,migration_surprise,value,True,0,conservative,143,2002-04-30,2019-12-31,0.0006069766458251,0.0072837197499013,0.1313055295649093,-0.0052263731855685,-0.0627164782268221,-1.0962972526625354,-0.5701315829862146,0.4265734265734265,0.4144821763405166,0.4134392638999296,0.0515469099019218,0.0184532880748016,0.6079461049109793,0.6087419633002971,0.6071502465216614,-0.0062042260496606,0.001535060241278,-4.041682458334712,5.306906484832586e-05,0.1219545984685446,0.0268596829682706,-0.0195759632183692,0.0
null_alpha,6,migration_surprise,migration_surprise,value,True,0,low,143,2002-04-30,2019-12-31,0.0006069766458251,0.0072837197499013,0.1313055295649093,-0.0030785852729884,-0.0369430232758611,-0.6575041023475416,-0.476856531253739,0.4615384615384615,0.4144821763405166,0.4134392638999296,0.0257734549509609,0.0184532880748016,0.6079461049109793,0.6087419633002971,0.6071502465216614,-0.0040635666718631,0.0014864809076658,-2.733682384285697,0.0062630426485573,0.1261672630688296,0.0268596829682706,-0.0195759632183692,0.0
null_alpha,6,migration_surprise,migration_surprise,value,True,0,severe,143,2002-04-30,2019-12-31,0.0006069766458251,0.0072837197499013,0.1313055295649093,-0.0082010396259484,-0.0984124755113813,-1.659082209863972,-0.6959624090333829,0.3566433566433566,0.4144821763405166,0.4134392638999296,0.087242907186481,0.0184532880748016,0.6079461049109793,0.6087419633002971,0.6071502465216614,-0.0091690961187582,0.0016186000667373,-5.664831175523406,1.4716936191749922e-08,0.1143979680484996,0.0268596829682706,-0.0195759632183692,-2.775557561562892e-17
null_alpha,6,velocity_log_odds,raw_migration,equal,False,0,conservative,153,2001-03-31,2019-12-31,0.0005872523286641,0.0070470279439696,0.1231304908883812,-0.0088680994706516,-0.1064171936478195,-1.773158912398681,-0.7443728928401914,0.3202614379084967,0.616611021478616,0.6150374011418801,0.0838863269050206,0.0295778946867685,0.8911968774869078,0.8941099501213021,0.8882838048525137,-0.0085549541335167,0.0014818576611648,-5.773128120005555,7.781322897997104e-09,0.0876452006319331,0.0019582492982228,0.0050887786457467,1.3877787807814457e-17
null_alpha,6,velocity_log_odds,raw_migration,equal,False,0,low,153,2001-03-31,2019-12-31,0.0005872523286641,0.0070470279439696,0.1231304908883812,-0.0053728358496091,-0.0644740301953092,-1.1125603915329183,-0.5763329640739436,0.4117647058823529,0.616611021478616,0.6150374011418801,0.0419431634525103,0.0295778946867685,0.8911968774869078,0.8941099501213021,0.8882838048525137,-0.0050719617715481,0.0014362177211658,-3.531471375684667,0.0004132545866569,0.0860915954470085,0.0019582492982228,0.0050887786457467,0.0
null_alpha,6,velocity_log_odds,raw_migration,equal,False,0,severe,153,2001-03-31,2019-12-31,0.0005872523286641,0.0070470279439696,0.1231304908883812,-0.0135934378939779,-0.163121254727735,-2.5300407142399486,-0.8758876957277789,0.2222222222222222,0.616611021478616,0.6150374011418801,0.140590387984936,0.0295778946867685,0.8911968774869078,0.8941099501213021,0.8882838048525137,-0.0132642090283868,0.0015861598049659,-8.362467001660042,6.142016756794102e-17,0.0864303971007224,0.0019582492982228,0.0050887786457467,0.0
null_alpha,6,velocity_log_odds,raw_migration,equal,True,0,conservative,153,2001-03-31,2019-12-31,0.0003288088574967,0.003945706289961,0.0657851087958503,-0.0086318396888734,-0.1035820762664818,-1.6613300476448956,-0.7406034560496426,0.3137254901960784,0.5832982879513221,0.5819188212131902,0.0794001043453134,0.0281276782111295,0.8476260683564948,0.8521238297412453,0.8431283069717439,-0.0085268048864034,0.0017319354332806,-4.923281043019008,8.510509040491044e-07,0.0624655151057539,0.0006958506400132,0.0032498556499478,2.775557561562892e-17
null_alpha,6,velocity_log_odds,raw_migration,equal,True,0,low,153,2001-03-31,2019-12-31,0.0003288088574967,0.003945706289961,0.0657851087958503,-0.0053235020078187,-0.0638820240938252,-1.0543608346767002,-0.5810583227039674,0.3856209150326797,0.5832982879513221,0.5819188212131902,0.0397000521726567,0.0281276782111295,0.8476260683564948,0.8521238297412453,0.8431283069717439,-0.0052250932643358,0.0016964418019609,-3.08003095555416,0.0020697908139697,0.0582466010752803,0.0006958506400132,0.0032498556499478,-1.3877787807814457e-17
null_alpha,6,velocity_log_odds,raw_migration,equal,True,0,severe,153,2001-03-31,2019-12-31,0.0003288088574967,0.003945706289961,0.0657851087958503,-0.0131040150123545,-0.1572481801482551,-2.3771713367944165,-0.8679478398950022,0.2549019607843137,0.5832982879513221,0.5819188212131902,0.1330662082270866,0.0281276782111295,0.8476260683564948,0.8521238297412453,0.8431283069717439,-0.0129902630962817,0.0018132358606915,-7.164133126799682,7.828030546217751e-13,0.0660393374286771,0.0006958506400132,0.0032498556499478,0.0
null_alpha,6,velocity_log_odds,raw_migration,value,False,0,conservative,153,2001-03-31,2019-12-31,0.0005265323495774,0.0063183881949296,0.1056925536068177,-0.0050096449165119,-0.0601157389981439,-0.9753429550081146,-0.5465525888381644,0.3725490196078431,0.3983326743804996,0.3972406444293123,0.0490908276233421,0.0173432995697314,0.5823125902078212,0.5902857486427177,0.5743394317729248,-0.0047965740660091,0.0016455304063786,-2.9149106254226886,0.0035579041620558,0.0393782767965746,0.0663004948240874,-0.0599821066291578,1.3877787807814457e-17
null_alpha,6,velocity_log_odds,raw_migration,value,False,0,low,153,2001-03-31,2019-12-31,0.0005265323495774,0.0063183881949296,0.1056925536068177,-0.0029641937655394,-0.0355703251864729,-0.5876726786887582,-0.4202661307394747,0.4052287581699346,0.3983326743804996,0.3972406444293123,0.024545413811671,0.0173432995697314,0.5823125902078212,0.5902857486427177,0.5743394317729248,-0.0027666907060816,0.0016263108763873,-1.7012065443647213,0.0889042093945747,0.0400831019801117,0.0663004948240874,-0.0599821066291578,6.938893903907228e-18
null_alpha,6,velocity_log_odds,raw_migration,value,False,0,severe,153,2001-03-31,2019-12-31,0.0005265323495774,0.0063183881949296,0.1056925536068177,-0.0078495773563432,-0.0941949282761185,-1.4772018168815448,-0.6951628414661841,0.2875816993464052,0.3983326743804996,0.3972406444293123,0.0831700169013166,0.0173432995697314,0.5823125902078212,0.5902857486427177,0.5743394317729248,-0.0076151357146686,0.0016874594032363,-4.512781581627297,6.398290440509444e-06,0.0385541397193713,0.0663004948240874,-0.0599821066291578,0.0
null_alpha,6,velocity_log_odds,raw_migration,value,True,0,conservative,153,2001-03-31,2019-12-31,0.0004595108750006,0.0055141305000073,0.0998246008199314,-0.0052259111094606,-0.0627109333135281,-1.100775349332234,-0.5575507524830599,0.3986928104575163,0.4063532782030735,0.4054053851722471,0.0506293904560462,0.0175956733574892,0.5963227909549321,0.611459042568273,0.5811865393415914,-0.0055991978705826,0.0014561617862633,-3.8451756689418217,0.0001204661052602,0.0391325598645309,0.0050744450218227,0.0004396854781846,0.0
null_alpha,6,velocity_log_odds,raw_migration,value,True,0,low,153,2001-03-31,2019-12-31,0.0004595108750006,0.0055141305000073,0.0998246008199314,-0.003116353173792,-0.037396238085505,-0.6695176143329309,-0.4340466924343553,0.4248366013071895,0.4063532782030735,0.4054053851722471,0.0253146952280231,0.0175956733574892,0.5963227909549321,0.611459042568273,0.5811865393415914,-0.0035036164825252,0.0014369418913712,-2.438245070008959,0.0147587645352487,0.0398132565977259,0.0050744450218227,0.0004396854781846,-6.938893903907228e-18
null_alpha,6,velocity_log_odds,raw_migration,value,True,0,severe,153,2001-03-31,2019-12-31,0.0004595108750006,0.0055141305000073,0.0998246008199314,-0.0081462798154737,-0.0977553577856852,-1.6516939151211147,-0.7145191224059104,0.3071895424836601,0.4063532782030735,0.4054053851722471,0.0856738149282033,0.0175956733574892,0.5963227909549321,0.611459042568273,0.5811865393415914,-0.0085004991440215,0.0015008255998385,-5.663882029288333,1.4798616699741805e-08,0.0383915034589785,0.0050744450218227,0.0004396854781846,-1.3877787807814457e-17
null_alpha,6,viability_log_odds,static_viability,equal,False,0,conservative,193,2000-03-31,2019-12-31,-0.0016678731661515,-0.0200144779938183,-0.3463735312329281,-0.0111374154347875,-0.1336489852174502,-2.2220566584100663,-0.8854228230833121,0.2435233160621761,0.6197183461996331,0.6182710629856206,0.0844536808565978,0.029180826367034,0.8936694759743424,0.8923087735991508,0.8950301783495339,-0.0103870637278256,0.001308517221595,-7.9380412855122175,2.053989766926155e-15,0.0469908299932351,-0.0349157226419104,0.014901244648092,2.775557561562892e-17
null_alpha,6,viability_log_odds,static_viability,equal,False,0,low,193,2000-03-31,2019-12-31,-0.0016678731661515,-0.0200144779938183,-0.3463735312329281,-0.0076185120657626,-0.0914221447891513,-1.5681351913628307,-0.7741887017008238,0.3367875647668393,0.6197183461996331,0.6182710629856206,0.0422268404282989,0.029180826367034,0.8936694759743424,0.8923087735991508,0.8950301783495339,-0.0069528929528348,0.0012486100184549,-5.568506459237503,2.5693210627497004e-08,0.0439221193418455,-0.0349157226419104,0.014901244648092,-1.3877787807814457e-17
null_alpha,6,viability_log_odds,static_viability,equal,False,0,severe,193,2000-03-31,2019-12-31,-0.0016678731661515,-0.0200144779938183,-0.3463735312329281,-0.0158928609297836,-0.1907143311574041,-2.966564703900574,-0.954456581187145,0.155440414507772,0.6197183461996331,0.6182710629856206,0.1415190267965516,0.029180826367034,0.8936694759743424,0.8923087735991508,0.8950301783495339,-0.0150292557419985,0.0014251602268885,-10.545660381507004,5.319780111590542e-26,0.0494572873398027,-0.0349157226419104,0.014901244648092,-2.775557561562892e-17
null_alpha,6,viability_log_odds,static_viability,equal,True,0,conservative,193,2000-03-31,2019-12-31,-0.0015931962123513,-0.0191183545482164,-0.3224110151225706,-0.0105784147947587,-0.1269409775371055,-2.0595977426487777,-0.8693519565763931,0.3005181347150259,0.5870605290379189,0.5855063139938902,0.0799396687853353,0.0278829542035536,0.8501133351899409,0.8523206709288182,0.8479059994510638,-0.009930040433698,0.0014010979616664,-7.08732772823935,1.3672633750969105e-12,0.0421376882566745,-0.0331667561066913,0.0140484015584748,-2.775557561562892e-17
null_alpha,6,viability_log_odds,static_viability,equal,True,0,low,193,2000-03-31,2019-12-31,-0.0015931962123513,-0.0191183545482164,-0.3224110151225706,-0.0072475952620364,-0.0869711431444378,-1.4522665661643204,-0.7505829201769321,0.3523316062176165,0.5870605290379189,0.5855063139938902,0.0399698343926676,0.0278829542035536,0.8501133351899409,0.8523206709288182,0.8479059994510638,-0.0066734802312258,0.0013613134663642,-4.902236256465841,9.475178256381174e-07,0.0402924903027913,-0.0331667561066913,0.0140484015584748,0.0
null_alpha,6,viability_log_odds,static_viability,equal,True,0,severe,193,2000-03-31,2019-12-31,-0.0015931962123513,-0.0191183545482164,-0.3224110151225706,-0.0150802469554688,-0.1809629634656265,-2.767525732752641,-0.9457564338556268,0.2124352331606217,0.5870605290379189,0.5855063139938902,0.1339616547138564,0.0278829542035536,0.8501133351899409,0.8523206709288182,0.8479059994510638,-0.0143325570908339,0.0014868312447026,-9.639666331938482,5.436439590936716e-22,0.0437201299905485,-0.0331667561066913,0.0140484015584748,-2.775557561562892e-17
null_alpha,6,viability_log_odds,static_viability,value,False,0,conservative,193,2000-03-31,2019-12-31,-0.0016436787947768,-0.0197241455373218,-0.3796809858757814,-0.0072323768224043,-0.0867885218688523,-1.6205347397469485,-0.7634535583040778,0.310880829015544,0.3968008184665441,0.3958340417029133,0.0491608392320842,0.0179035370994463,0.5759234882576292,0.5598419777516871,0.5920049987635713,-0.0064527901473801,0.0012432868056067,-5.1901058696034745,2.1017454639005198e-07,0.0700684825172196,-0.0251108076210909,0.0053866620837691,0.0
null_alpha,6,viability_log_odds,static_viability,value,False,0,low,193,2000-03-31,2019-12-31,-0.0016436787947768,-0.0197241455373218,-0.3796809858757814,-0.0051840085210675,-0.0622081022528102,-1.1862083504451175,-0.6503181540867996,0.3626943005181347,0.3968008184665441,0.3958340417029133,0.0245804196160421,0.0179035370994463,0.5759234882576292,0.5598419777516871,0.5920049987635713,-0.0044753032862352,0.0012106206068302,-3.6967017255331975,0.0002184187132095,0.0690343073706365,-0.0251108076210909,0.0053866620837691,0.0
null_alpha,6,viability_log_odds,static_viability,value,False,0,severe,193,2000-03-31,2019-12-31,-0.0016436787947768,-0.0197241455373218,-0.3796809858757814,-0.010072413207147,-0.1208689584857644,-2.1658762183180467,-0.8630083537548157,0.2487046632124352,0.3968008184665441,0.3958340417029133,0.0832412758489962,0.0179035370994463,0.5759234882576292,0.5598419777516871,0.5920049987635713,-0.0091961894533447,0.0013032101217306,-7.056566934219493,1.7066645193001386e-12,0.0704296265083297,-0.0251108076210909,0.0053866620837691,0.0
null_alpha,6,viability_log_odds,static_viability,value,True,0,conservative,193,2000-03-31,2019-12-31,-0.0013425581542499,-0.0161106978509996,-0.3066911902712589,-0.0069185886629351,-0.0830230639552212,-1.540848092538072,-0.7407052242051767,0.2953367875647668,0.3938972182867691,0.3928377404499136,0.0489684569709999,0.0179439091332216,0.5755453307049544,0.5593013621637222,0.5917892992461865,-0.0064859465593595,0.0013131180792399,-4.93934754375904,7.838439946973157e-07,0.0494643718504527,-0.006406475288538,-0.0097042225624616,0.0
null_alpha,6,viability_log_odds,static_viability,value,True,0,low,193,2000-03-31,2019-12-31,-0.0013425581542499,-0.0161106978509996,-0.3066911902712589,-0.0048782362891434,-0.0585388354697212,-1.105621157532393,-0.6161399080469481,0.3471502590673575,0.3938972182867691,0.3928377404499136,0.0244842284854999,0.0179439091332216,0.5755453307049544,0.5593013621637222,0.5917892992461865,-0.0045040152941411,0.0012950004224108,-3.478002953664176,0.0005051643584194,0.0512796311489035,-0.006406475288538,-0.0097042225624616,1.3877787807814457e-17
null_alpha,6,viability_log_odds,static_viability,value,True,0,severe,193,2000-03-31,2019-12-31,-0.0013425581542499,-0.0161106978509996,-0.3066911902712589,-0.0097446165176265,-0.1169353982115191,-2.0951977572619835,-0.8496991615662445,0.2694300518134715,0.3938972182867691,0.3928377404499136,0.0828807912272978,0.0179439091332216,0.5755453307049544,0.5593013621637222,0.5917892992461865,-0.0092324925148583,0.0013523212483174,-6.827144457240178,8.662146238660944e-12,0.0469131688460906,-0.006406475288538,-0.0097042225624616,0.0
migration_alpha,6,migration_surprise,migration_surprise,equal,False,0,conservative,142,2002-04-30,2019-12-31,4.2176383683246745e-05,0.0005061166041989,0.0097100606579568,-0.0094502762555102,-0.1134033150661231,-2.0074641448367427,-0.7408076644298657,0.2605633802816901,0.6124453522599191,0.6109914738447735,0.0841770531477693,0.0297323785225527,0.8899172792483042,0.8893289373884491,0.8905056211081597,-0.0088488229534222,0.0013454403959735,-6.576897036765102,4.8036716483602376e-11,0.0602434107876117,0.0074256231952896,-0.0069195065910907,-1.3877787807814457e-17
migration_alpha,6,migration_surprise,migration_surprise,equal,False,0,low,142,2002-04-30,2019-12-31,4.2176383683246745e-05,0.0005061166041989,0.0097100606579568,-0.0059428990410198,-0.0713147884922384,-1.330352345480307,-0.5734651644064682,0.3450704225352112,0.6124453522599191,0.6109914738447735,0.0420885265738846,0.0297323785225527,0.8899172792483042,0.8893289373884491,0.8905056211081597,-0.005331262224029,0.0012906134803412,-4.130796946750747,3.615077941785377e-05,0.0676535635535589,0.0074256231952896,-0.0069195065910907,1.3877787807814457e-17
migration_alpha,6,migration_surprise,migration_surprise,equal,False,0,severe,142,2002-04-30,2019-12-31,4.2176383683246745e-05,0.0005061166041989,0.0097100606579568,-0.0141796364176901,-0.1701556370122823,-2.739777328027834,-0.8681651681195782,0.1690140845070422,0.6124453522599191,0.6109914738447735,0.1409293750939285,0.0297323785225527,0.8899172792483042,0.8893289373884491,0.8905056211081597,-0.0135915490501827,0.0014674812070335,-9.26182153818358,2.0097388714647552e-20,0.0515246955780538,0.0074256231952896,-0.0069195065910907,0.0
migration_alpha,6,migration_surprise,migration_surprise,equal,True,0,conservative,142,2002-04-30,2019-12-31,0.0006650042847652,0.0079800514171827,0.1561143420579618,-0.0082951908971521,-0.0995422907658252,-1.8249574206534127,-0.696877405962687,0.3169014084507042,0.5762262958151465,0.5744663846884184,0.0791652155552396,0.0283571266277684,0.8425523347791055,0.8368384043205556,0.8482662652376557,-0.007799691824176,0.0011673353794894,-6.6816203476905685,2.3631459218017337e-11,0.0715667761837174,0.0239393877581297,-0.0159593363409469,0.0
migration_alpha,6,migration_surprise,migration_surprise,equal,True,0,low,142,2002-04-30,2019-12-31,0.0006650042847652,0.0079800514171827,0.1561143420579618,-0.0049966402490171,-0.0599596829882054,-1.1487028350908186,-0.51813992494188,0.3591549295774648,0.5762262958151465,0.5744663846884184,0.0395826077776198,0.0283571266277684,0.8425523347791055,0.8368384043205556,0.8482662652376557,-0.0044847408901379,0.001117622807441,-4.012749972780548,6.001547120936342e-05,0.0842799938300831,0.0239393877581297,-0.0159593363409469,6.938893903907228e-18
migration_alpha,6,migration_surprise,migration_surprise,equal,True,0,severe,142,2002-04-30,2019-12-31,0.0006650042847652,0.0079800514171827,0.1561143420579618,-0.0127426743146639,-0.1529120917759671,-2.5808965077886983,-0.8383376237855451,0.2253521126760563,0.5762262958151465,0.5744663846884184,0.1325350165653814,0.0283571266277684,0.8425523347791055,0.8368384043205556,0.8482662652376557,-0.0122696806456449,0.0012822515899643,-9.568855863915497,1.080952409378198e-21,0.0565609140015568,0.0239393877581297,-0.0159593363409469,0.0
migration_alpha,6,migration_surprise,migration_surprise,value,False,0,conservative,142,2002-04-30,2019-12-31,0.0007974110876486,0.0095689330517833,0.1991246130490225,-0.0055575629143538,-0.0666907549722459,-1.32756138385004,-0.5580765936832146,0.3732394366197183,0.4490111444736013,0.4476581184828009,0.0565090269756486,0.0197506610483805,0.6609823255486473,0.6702012694566523,0.6517633816406425,-0.0054522806268825,0.0011831625879056,-4.608226022878091,4.061190577205409e-06,0.0600558385433628,0.0157269163065453,-0.0061579832547619,-1.3877787807814457e-17
migration_alpha,6,migration_surprise,migration_surprise,value,False,0,low,142,2002-04-30,2019-12-31,0.0007974110876486,0.0095689330517833,0.1991246130490225,-0.0032030201237017,-0.0384362414844215,-0.7888255440590664,-0.4068476179142122,0.4084507042253521,0.4490111444736013,0.4476581184828009,0.0282545134878243,0.0197506610483805,0.6609823255486473,0.6702012694566523,0.6517633816406425,-0.0030850819763757,0.001155487937919,-2.6699387117201243,0.0075865093200312,0.0596402253371735,0.0157269163065453,-0.0061579832547619,-1.3877787807814457e-17
migration_alpha,6,migration_surprise,migration_surprise,value,False,0,severe,142,2002-04-30,2019-12-31,0.0007974110876486,0.0095689330517833,0.1991246130490225,-0.0088074219419714,-0.1056890633036574,-1.9844089324380407,-0.7205451138670764,0.3028169014084507,0.4490111444736013,0.4476581184828009,0.0955073353070602,0.0197506610483805,0.6609823255486473,0.6702012694566523,0.6517633816406425,-0.0087200141926874,0.0012519256427193,-6.965281239664004,3.277483414539813e-12,0.0594829341762569,0.0157269163065453,-0.0061579832547619,-5.551115123125783e-17
migration_alpha,6,migration_surprise,migration_surprise,value,True,0,conservative,142,2002-04-30,2019-12-31,0.0010176717163259,0.0122120605959112,0.2354375723245432,-0.0055094649514504,-0.0661135794174058,-1.227384084620736,-0.5646940603541967,0.380281690140845,0.4585810762187796,0.4569558560445041,0.0581639357121768,0.0201617043011402,0.6746843518050281,0.6850459303663223,0.6643227732437338,-0.0055747184834941,0.0011861708511076,-4.699760138506742,2.604672382460343e-06,0.0736872212639592,0.0096065681748638,0.0026054924210474,1.3877787807814457e-17
migration_alpha,6,migration_surprise,migration_surprise,value,True,0,low,142,2002-04-30,2019-12-31,0.0010176717163259,0.0122120605959112,0.2354375723245432,-0.0030859676301097,-0.0370316115613173,-0.7065655458206027,-0.3975777444977733,0.4084507042253521,0.4585810762187796,0.4569558560445041,0.0290819678560884,0.0201617043011402,0.6746843518050281,0.6850459303663223,0.6643227732437338,-0.0031435489173239,0.0011593368492389,-2.711506081591053,0.0066978312387788,0.0765705773180651,0.0096065681748638,0.0026054924210474,0.0
migration_alpha,6,migration_surprise,migration_surprise,value,True,0,severe,142,2002-04-30,2019-12-31,0.0010176717163259,0.0122120605959112,0.2354375723245432,-0.0088468739848801,-0.1061624878185623,-1.8685330304900531,-0.7229636948416245,0.2957746478873239,0.4585810762187796,0.4569558560445041,0.0982128441133334,0.0201617043011402,0.6746843518050281,0.6850459303663223,0.6643227732437338,-0.00892350755355,0.0012560241617914,-7.104566794975331,1.2070053524467044e-12,0.068867154632938,0.0096065681748638,0.0026054924210474,0.0
migration_alpha,6,velocity_log_odds,raw_migration,equal,False,0,conservative,151,2001-03-31,2019-12-31,0.0016229349259826,0.0194752191117913,0.4149007376125428,-0.0078715297795061,-0.0944583573540742,-1.7711933898143508,-0.6950185734774412,0.2980132450331126,0.6091548545800963,0.6075828116598465,0.0840358938772995,0.029897682588566,0.8826140589331423,0.88282494949126,0.8824031683750246,-0.0076726956720466,0.0015718555094286,-4.881298329281827,1.0538966555006054e-06,0.0264624803352819,0.0402028566021308,-0.0207276374903394,0.0
migration_alpha,6,velocity_log_odds,raw_migration,equal,False,0,low,151,2001-03-31,2019-12-31,0.0016229349259826,0.0194752191117913,0.4149007376125428,-0.0043700342012853,-0.0524404104154245,-1.0580937957565253,-0.490814479873959,0.3576158940397351,0.6091548545800963,0.6075828116598465,0.0420179469386497,0.029897682588566,0.8826140589331423,0.88282494949126,0.8824031683750246,-0.0041574000789498,0.0014854669473568,-2.7987159770516685,0.0051306244829488,0.0327135475518295,0.0402028566021308,-0.0207276374903394,0.0
migration_alpha,6,velocity_log_odds,raw_migration,equal,False,0,severe,151,2001-03-31,2019-12-31,0.0016229349259826,0.0194752191117913,0.4149007376125428,-0.0125881909810466,-0.1510582917725603,-2.513478510086657,-0.8512414660155858,0.2185430463576159,0.6091548545800963,0.6075828116598465,0.1406358282957856,0.029897682588566,0.8826140589331423,0.88282494949126,0.8824031683750246,-0.0124077212544461,0.0017301269676298,-7.171566877223768,7.414420123219253e-13,0.0203364081444802,0.0402028566021308,-0.0207276374903394,2.775557561562892e-17
migration_alpha,6,velocity_log_odds,raw_migration,equal,True,0,conservative,151,2001-03-31,2019-12-31,0.0019970260842389,0.0239643130108668,0.5064030441305573,-0.0069430722834368,-0.083316867401242,-1.6338656917913028,-0.6552373239157961,0.2847682119205298,0.574019097747343,0.572485350149076,0.0790868565628296,0.0281943238492792,0.8377505972562701,0.8342680453095332,0.8412331492030067,-0.0068329075015258,0.0013094679407395,-5.218079258715214,1.8078810472136415e-07,0.0550951522475396,0.0545896220367402,-0.0306253090258734,-1.3877787807814457e-17
migration_alpha,6,velocity_log_odds,raw_migration,equal,True,0,low,151,2001-03-31,2019-12-31,0.0019970260842389,0.0239643130108668,0.5064030441305573,-0.0036477865933189,-0.0437734391198272,-0.9004033541075831,-0.44055360912129,0.3509933774834437,0.574019097747343,0.572485350149076,0.0395434282814148,0.0281943238492792,0.8377505972562701,0.8342680453095332,0.8412331492030067,-0.003516401513799,0.0012537158987075,-2.80478337829484,0.0050350406029014,0.0653627510433076,0.0545896220367402,-0.0306253090258734,-1.3877787807814457e-17
migration_alpha,6,velocity_log_odds,raw_migration,equal,True,0,severe,151,2001-03-31,2019-12-31,0.0019970260842389,0.0239643130108668,0.5064030441305573,-0.0113833286738528,-0.1365999440862347,-2.4422517104898582,-0.8230717917368131,0.2185430463576159,0.574019097747343,0.572485350149076,0.1323699332478222,0.0281943238492792,0.8377505972562701,0.8342680453095332,0.8412331492030067,-0.0113016149320237,0.0014352309187893,-7.874422703739754,3.4231975953996864e-15,0.0422877985946064,0.0545896220367402,-0.0306253090258734,2.775557561562892e-17
migration_alpha,6,velocity_log_odds,raw_migration,value,False,0,conservative,151,2001-03-31,2019-12-31,0.0021136052903603,0.0253632634843244,0.4745069003150691,-0.0043630413054209,-0.0523564956650514,-0.94297445749619,-0.4863920062957579,0.390728476821192,0.4559334490699,0.4546331844783697,0.0575942409358721,0.0201255182135037,0.6685479523178377,0.6753364297508591,0.6617594748848162,-0.0044014791270519,0.0012675798859238,-3.4723485090992776,0.0005159260998582,0.0466365484787392,0.0751187792941788,-0.0497555158098544,-1.3877787807814457e-17
migration_alpha,6,velocity_log_odds,raw_migration,value,False,0,low,151,2001-03-31,2019-12-31,0.0021136052903603,0.0253632634843244,0.4745069003150691,-0.0019632812664262,-0.0235593751971154,-0.4348597246520012,-0.2699625665021606,0.4437086092715231,0.4559334490699,0.4546331844783697,0.028797120467936,0.0201255182135037,0.6685479523178377,0.6753364297508591,0.6617594748848162,-0.0019902779744527,0.0012597192614603,-1.5799377173494678,0.1141211305022424,0.0485156501369026,0.0751187792941788,-0.0497555158098544,-3.469446951953614e-18
migration_alpha,6,velocity_log_odds,raw_migration,value,False,0,severe,151,2001-03-31,2019-12-31,0.0021136052903603,0.0253632634843244,0.4745069003150691,-0.0076720677133723,-0.0920648125604684,-1.5771018395471872,-0.6868240568487809,0.3112582781456953,0.4559334490699,0.4546331844783697,0.0973025578312891,0.0201255182135037,0.6685479523178377,0.6753364297508591,0.6617594748848162,-0.0077264935479286,0.0013193873437353,-5.856122225679188,4.7379957891276095e-09,0.043420297354035,0.0751187792941788,-0.0497555158098544,-1.3877787807814457e-17
migration_alpha,6,velocity_log_odds,raw_migration,value,True,0,conservative,151,2001-03-31,2019-12-31,0.0022417264611476,0.0269007175337712,0.5332101092611231,-0.0042932167211174,-0.0515186006534091,-0.9876806532866248,-0.4989943102333491,0.3576158940397351,0.4565434950555304,0.4553802462857784,0.0580626837928489,0.0203566343943314,0.6701468926541779,0.6714057372701385,0.6688880480382171,-0.0044627862137301,0.0012734698238778,-3.504430281779626,0.0004575853636373,0.0361368690370165,0.0479729883138005,-0.0210722707800292,-6.938893903907228e-18
migration_alpha,6,velocity_log_odds,raw_migration,value,True,0,low,151,2001-03-31,2019-12-31,0.0022417264611476,0.0269007175337712,0.5332101092611231,-0.0018739382297487,-0.0224872587569846,-0.4411356417290656,-0.3134529264694217,0.4105960264900662,0.4565434950555304,0.4553802462857784,0.0290313418964244,0.0203566343943314,0.6701468926541779,0.6714057372701385,0.6688880480382171,-0.0020343892608308,0.0012799792439801,-1.5893923830396113,0.1119718331868944,0.0401194968601507,0.0479729883138005,-0.0210722707800292,-3.469446951953614e-18
migration_alpha,6,velocity_log_odds,raw_migration,value,True,0,severe,151,2001-03-31,2019-12-31,0.0022417264611476,0.0269007175337712,0.5332101092611231,-0.0076232557050576,-0.0914790684606922,-1.6663700510507256,-0.6849626815025137,0.2980132450331126,0.4565434950555304,0.4553802462857784,0.098023151600132,0.0203566343943314,0.6701468926541779,0.6714057372701385,0.6688880480382171,-0.007805622384279,0.0013063424423652,-5.975173224982665,2.298458212167641e-09,0.0306207637530736,0.0479729883138005,-0.0210722707800292,0.0
migration_alpha,6,viability_log_odds,static_viability,equal,False,0,conservative,193,2000-03-31,2019-12-31,0.0009191898065818,0.0110302776789823,0.2148772021555361,-0.0084845707944791,-0.1018148495337493,-1.820699728466484,-0.8178719986938829,0.2487046632124352,0.6039113238579125,0.6025484524511767,0.0834789506822108,0.0293661765305208,0.8757720706139545,0.8769921548252179,0.874551986402691,-0.0082641164911746,0.0012288028709525,-6.725339504430207,1.7518349251150453e-11,0.0128467170364103,0.0288568348701561,-0.0178265571911737,1.3877787807814457e-17
migration_alpha,6,viability_log_odds,static_viability,equal,False,0,low,193,2000-03-31,2019-12-31,0.0009191898065818,0.0110302776789823,0.2148772021555361,-0.0050062811827203,-0.0600753741926438,-1.1321709172424002,-0.645580931767241,0.3523316062176165,0.6039113238579125,0.6025484524511767,0.0417394753411054,0.0293661765305208,0.8757720706139545,0.8769921548252179,0.874551986402691,-0.0047937788420828,0.0011770369008883,-4.072751532653689,4.646098103398746e-05,0.0120795928436362,0.0288568348701561,-0.0178265571911737,6.938893903907228e-18
migration_alpha,6,viability_log_odds,static_viability,equal,False,0,severe,193,2000-03-31,2019-12-31,0.0009191898065818,0.0110302776789823,0.2148772021555361,-0.0131679573111402,-0.1580154877336829,-2.579094088810961,-0.9261954679126744,0.1968911917098445,0.6039113238579125,0.6025484524511767,0.1396795888821445,0.0293661765305208,0.8757720706139545,0.8769921548252179,0.874551986402691,-0.0129367707248187,0.0013356125580351,-9.686020580586662,3.4573796932856365e-22,0.013882182353208,0.0288568348701561,-0.0178265571911737,0.0
migration_alpha,6,viability_log_odds,static_viability,equal,True,0,conservative,193,2000-03-31,2019-12-31,0.0022560335417517,0.0270724025010215,0.5421620005487484,-0.006528964363156,-0.0783475723578721,-1.4988505737752769,-0.7361508417675213,0.2901554404145077,0.5626143381243368,0.561349583132473,0.0778131187783915,0.0276068560805021,0.8215488402744069,0.8201281895110509,0.8229694910377627,-0.0066371231320293,0.0010920404932477,-6.077726213512681,1.2189864938772152e-09,0.010324142679554,0.0524380498482156,-0.025365647347194,0.0
migration_alpha,6,viability_log_odds,static_viability,equal,True,0,low,193,2000-03-31,2019-12-31,0.0022560335417517,0.0270724025010215,0.5421620005487484,-0.003286751080723,-0.0394410129686763,-0.778620317544591,-0.5163692944815766,0.38860103626943,0.5626143381243368,0.561349583132473,0.0389065593891957,0.0276068560805021,0.8215488402744069,0.8201281895110509,0.8229694910377627,-0.0033903452564938,0.0010459634952684,-3.241360976583471,0.0011896044238852,0.0098265759540978,0.0524380498482156,-0.025365647347194,-6.938893903907228e-18
migration_alpha,6,viability_log_odds,static_viability,equal,True,0,severe,193,2000-03-31,2019-12-31,0.0022560335417517,0.0270724025010215,0.5421620005487484,-0.0108938768118539,-0.1307265217422472,-2.3377653512880805,-0.884772754925896,0.2124352331606217,0.5626143381243368,0.561349583132473,0.1301920681627667,0.0276068560805021,0.8215488402744069,0.8201281895110509,0.8229694910377627,-0.0110078664663944,0.0011912104320952,-9.240908381764484,2.4441333738875015e-20,0.0112613520119391,0.0524380498482156,-0.025365647347194,-2.775557561562892e-17
migration_alpha,6,viability_log_odds,static_viability,value,False,0,conservative,193,2000-03-31,2019-12-31,0.0018511991549738,0.0222143898596858,0.3816687227315979,-0.0044619044882761,-0.0535428538593134,-0.8874089984571325,-0.5930398954150671,0.38860103626943,0.4409741944645973,0.4397429017587894,0.0561082124054949,0.0196490313135043,0.6473080341713157,0.6485457591295597,0.6460703092130717,-0.0046976985187019,0.0012282569155261,-3.824687212682709,0.0001309382169045,0.0282125343865616,0.0509681863345556,-0.0287537964748697,-1.3877787807814457e-17
migration_alpha,6,viability_log_odds,static_viability,value,False,0,low,193,2000-03-31,2019-12-31,0.0018511991549738,0.0222143898596858,0.3816687227315979,-0.0021240623047138,-0.0254887476565659,-0.4312932218982826,-0.385211008637971,0.4352331606217616,0.4409741944645973,0.4397429017587894,0.0280541062027474,0.0196490313135043,0.6473080341713157,0.6485457591295597,0.6460703092130717,-0.0023646948264102,0.001211873875661,-1.9512713937499175,0.0510247701014474,0.0295772918635748,0.0509681863345556,-0.0287537964748697,-1.0408340855860844e-17
migration_alpha,6,viability_log_odds,static_viability,value,False,0,severe,193,2000-03-31,2019-12-31,0.0018511991549738,0.0222143898596858,0.3816687227315979,-0.0076792324753559,-0.0921507897042718,-1.4686804550865242,-0.7804520058960468,0.3316062176165803,0.4409741944645973,0.4397429017587894,0.0947161482504534,0.0196490313135043,0.6473080341713157,0.6485457591295597,0.6460703092130717,-0.0079084640158303,0.0012726505655818,-6.214167682560148,5.159740609866391e-10,0.0261708714146337,0.0509681863345556,-0.0287537964748697,0.0
migration_alpha,6,viability_log_odds,static_viability,value,True,0,conservative,193,2000-03-31,2019-12-31,0.0017834850779892,0.0214018209358706,0.3779966302572488,-0.0045591193873468,-0.0547094326481623,-0.943852092776842,-0.6001159181322386,0.38860103626943,0.4383547622400041,0.4371083114794232,0.0561045936644408,0.0200066599195921,0.6457590363741695,0.636147437262459,0.65537063548588,-0.0049335054187329,0.0011666338908492,-4.228837733439749,2.349016866469697e-05,0.0204916754840671,0.0973081089700586,-0.075906288034188,1.3877787807814457e-17
migration_alpha,6,viability_log_odds,static_viability,value,True,0,low,193,2000-03-31,2019-12-31,0.0017834850779892,0.0214018209358706,0.3779966302572488,-0.0022214279846618,-0.0266571358159419,-0.4675677968506048,-0.3754142296275758,0.4455958549222797,0.4383547622400041,0.4371083114794232,0.0280522968322204,0.0200066599195921,0.6457590363741695,0.636147437262459,0.65537063548588,-0.0026006411958556,0.001145912567621,-2.2694935628942408,0.0232383282352916,0.0221956788244851,0.0973081089700586,-0.075906288034188,3.469446951953614e-18
migration_alpha,6,viability_log_odds,static_viability,value,True,0,severe,193,2000-03-31,2019-12-31,0.0017834850779892,0.0214018209358706,0.3779966302572488,-0.0077710274129907,-0.0932523289558889,-1.55373920478811,-0.7847698696764646,0.3316062176165803,0.4383547622400041,0.4371083114794232,0.0946474899721673,0.0200066599195921,0.6457590363741695,0.636147437262459,0.65537063548588,-0.0081388416455731,0.0012177479792167,-6.683518909067119,2.332717434950528e-11,0.018227349292014,0.0973081089700586,-0.075906288034188,-1.3877787807814457e-17
regime_shift,6,migration_surprise,migration_surprise,equal,False,0,conservative,144,2002-03-31,2019-12-31,-0.0022470918553424,-0.0269651022641091,-0.4612641316412555,-0.0118146181972764,-0.1417754183673168,-2.1620947823284933,-0.8262734192887625,0.2569444444444444,0.6206902328608371,0.6191059388860343,0.0848834432435976,0.02992687285961,0.8967915789987685,0.899310061964862,0.8942730960326748,-0.0111902667910894,0.0017108289854156,-6.540844752154424,6.117230779605515e-11,0.0415177923505386,-0.0306666155976257,0.0037015133335166,2.775557561562892e-17
regime_shift,6,migration_surprise,migration_surprise,equal,False,0,low,144,2002-03-31,2019-12-31,-0.0022470918553424,-0.0269651022641091,-0.4612641316412555,-0.0082778080621265,-0.099333696745518,-1.6150372276470284,-0.7106058812934721,0.2916666666666667,0.6206902328608371,0.6191059388860343,0.0424417216217988,0.02992687285961,0.8967915789987685,0.899310061964862,0.8942730960326748,-0.0076936657754096,0.0016463228698928,-4.673242360965548,2.96481557252961e-06,0.0429318447141565,-0.0306666155976257,0.0037015133335166,1.3877787807814457e-17
regime_shift,6,migration_surprise,migration_surprise,equal,False,0,severe,144,2002-03-31,2019-12-31,-0.0022470918553424,-0.0269651022641091,-0.4612641316412555,-0.0165896402101983,-0.1990756825223804,-2.751564222320998,-0.9133302486419448,0.2013888888888889,0.6206902328608371,0.6191059388860343,0.1421837073986613,0.02992687285961,0.8967915789987685,0.899310061964862,0.8942730960326748,-0.0159091282801363,0.0018407732361756,-8.642633414851597,5.493195135029695e-18,0.0398548706826658,-0.0306666155976257,0.0037015133335166,2.775557561562892e-17
regime_shift,6,migration_surprise,migration_surprise,equal,True,0,conservative,144,2002-03-31,2019-12-31,-0.0017286071364552,-0.0207432856374629,-0.3915730727595016,-0.0107086267728843,-0.128503521274612,-2.116152191796451,-0.7942406224927344,0.3055555555555556,0.5800394803321264,0.5786453731078403,0.0793335290550794,0.0284267065820696,0.8450394510550896,0.8422041406844794,0.8478747614256997,-0.010275336209683,0.0015211967007611,-6.754771558827072,1.4306048069144532e-11,0.0459604609421737,-0.0257067078858814,0.0049634222484184,0.0
regime_shift,6,migration_surprise,migration_surprise,equal,True,0,low,144,2002-03-31,2019-12-31,-0.0017286071364552,-0.0207432856374629,-0.3915730727595016,-0.007403063062256,-0.0888367567470723,-1.5754318376142045,-0.6671687118880398,0.375,0.5800394803321264,0.5786453731078403,0.0396667645275397,0.0284267065820696,0.8450394510550896,0.8422041406844794,0.8478747614256997,-0.0070139129252713,0.0014349058960245,-4.888064746756973,1.0183204253969069e-06,0.04700207703913,-0.0257067078858814,0.0049634222484184,1.3877787807814457e-17
regime_shift,6,migration_surprise,migration_surprise,equal,True,0,severe,144,2002-03-31,2019-12-31,-0.0017286071364552,-0.0207432856374629,-0.3915730727595016,-0.0151714812297283,-0.1820577747567399,-2.6944586780486657,-0.8929227675899333,0.2013888888888889,0.5800394803321264,0.5786453731078403,0.1328877825372073,0.0284267065820696,0.8450394510550896,0.8422041406844794,0.8478747614256997,-0.0146771176904604,0.0016725824103603,-8.775123784363252,1.7071597908887485e-18,0.0446899558894694,-0.0257067078858814,0.0049634222484184,2.775557561562892e-17
regime_shift,6,migration_surprise,migration_surprise,value,False,0,conservative,144,2002-03-31,2019-12-31,0.0006338894395589,0.0076066732747077,0.1303441928415688,-0.0054738552871066,-0.0656862634452796,-1.1076450249927916,-0.5595844189798349,0.3611111111111111,0.4341804019906269,0.4329660879013079,0.0540570415353785,0.0192358951846089,0.6366173860790373,0.6385351784598855,0.6346995936981893,-0.0057097798873569,0.0013123531444051,-4.350795295991097,1.356446429824644e-05,0.0369069842882634,0.0195936849394442,-0.0119870116647364,0.0
regime_shift,6,migration_surprise,migration_surprise,value,False,0,low,144,2002-03-31,2019-12-31,0.0006338894395589,0.0076066732747077,0.1303441928415688,-0.0032214785564658,-0.0386577426775904,-0.6603142866134907,-0.4366385859556906,0.4375,0.4341804019906269,0.4329660879013079,0.0270285207676892,0.0192358951846089,0.6366173860790373,0.6385351784598855,0.6346995936981893,-0.0034770232259056,0.0013168584889577,-2.6403924605881928,0.0082810069102151,0.0393774127310818,0.0195936849394442,-0.0119870116647364,0.0
regime_shift,6,migration_surprise,migration_surprise,value,False,0,severe,144,2002-03-31,2019-12-31,0.0006338894395589,0.0076066732747077,0.1303441928415688,-0.00859216419355,-0.1031059703226003,-1.6858523558554983,-0.7192267570381535,0.2986111111111111,0.4341804019906269,0.4329660879013079,0.0914767484126991,0.0192358951846089,0.6366173860790373,0.6385351784598855,0.6346995936981893,-0.0088010870635636,0.0013377499925142,-6.579022323163894,4.7355167917558806e-11,0.0339394356253404,0.0195936849394442,-0.0119870116647364,-2.775557561562892e-17
regime_shift,6,migration_surprise,migration_surprise,value,True,0,conservative,144,2002-03-31,2019-12-31,0.0002694929758649,0.003233915710379,0.0556686296348753,-0.0058347026916657,-0.0700164322999891,-1.1459428356988033,-0.5799510732524344,0.3680555555555556,0.430684649914648,0.4295424233998523,0.0541036748032963,0.0191466732070719,0.6341043467145023,0.636747435920137,0.6314612575088676,-0.0061666087511429,0.0012470810570102,-4.9448339516332585,7.620879455103803e-07,0.0391150457966527,-0.0104311235438603,0.0136650392542393,0.0
regime_shift,6,migration_surprise,migration_surprise,value,True,0,low,144,2002-03-31,2019-12-31,0.0002694929758649,0.003233915710379,0.0556686296348753,-0.003580382908195,-0.0429645948983409,-0.7238234460744899,-0.4186911791652811,0.3888888888888889,0.430684649914648,0.4295424233998523,0.0270518374016481,0.0191466732070719,0.6341043467145023,0.636747435920137,0.6314612575088676,-0.0039287961651883,0.0011956285725653,-3.285967109968399,0.0010163287627967,0.0442457110823524,-0.0104311235438603,0.0136650392542393,-1.3877787807814457e-17
regime_shift,6,migration_surprise,migration_surprise,value,True,0,severe,144,2002-03-31,2019-12-31,0.0002694929758649,0.003233915710379,0.0556686296348753,-0.0089481073219361,-0.1073772878632337,-1.6739150401061873,-0.7323357573507432,0.3125,0.430684649914648,0.4295424233998523,0.0914645303665409,0.0191466732070719,0.6341043467145023,0.636747435920137,0.6314612575088676,-0.00925720224088,0.0013439530789688,-6.888039758041573,5.656640412444385e-12,0.0331404457546852,-0.0104311235438603,0.0136650392542393,0.0
regime_shift,6,velocity_log_odds,raw_migration,equal,False,0,conservative,153,2001-03-31,2019-12-31,-0.0001968115482627,-0.0023617385791533,-0.040921307416536,-0.0097792627132105,-0.1173511525585259,-1.87751786886516,-0.7859654823548003,0.2875816993464052,0.6215709049504687,0.6201212457629617,0.0851866240215702,0.0298027899578023,0.896575894429331,0.8965700926096858,0.8965816962489767,-0.0092843044131564,0.0018394715580297,-5.047267174438304,4.481744161246327e-07,0.0194745505541453,-0.0086064087246075,0.0062446701454542,-2.775557561562892e-17
regime_shift,6,velocity_log_odds,raw_migration,equal,False,0,low,153,2001-03-31,2019-12-31,-0.0001968115482627,-0.0023617385791533,-0.040921307416536,-0.006229820045645,-0.0747578405477408,-1.257247493635408,-0.6356191433486467,0.3725490196078431,0.6215709049504687,0.6201212457629617,0.0425933120107851,0.0298027899578023,0.896575894429331,0.8965700926096858,0.8965816962489767,-0.0058305367217894,0.0017815650850547,-3.2727048653460526,0.0010652364407056,0.0148771949564167,-0.0086064087246075,0.0062446701454542,-1.3877787807814457e-17
regime_shift,6,velocity_log_odds,raw_migration,equal,False,0,severe,153,2001-03-31,2019-12-31,-0.0001968115482627,-0.0023617385791533,-0.040921307416536,-0.0145689478723018,-0.1748273744676222,-2.563235051417525,-0.8964190392211145,0.196078431372549,0.6215709049504687,0.6201212457629617,0.1426628459306665,0.0298027899578023,0.896575894429331,0.8965700926096858,0.8965816962489767,-0.0139443181856799,0.0019562030969423,-7.128256880625488,1.0164794340357512e-12,0.0253491596157779,-0.0086064087246075,0.0062446701454542,2.775557561562892e-17
regime_shift,6,velocity_log_odds,raw_migration,equal,True,0,conservative,153,2001-03-31,2019-12-31,-0.0004811876392868,-0.0057742516714425,-0.1049289032644072,-0.0094843272350867,-0.1138119268210409,-1.8720102258058888,-0.7737191691508508,0.326797385620915,0.5831019916128569,0.5818795090921745,0.0797988461993207,0.0282388289502775,0.8474844321785263,0.840454222169397,0.8545146421876555,-0.0090610717508017,0.0016235895110381,-5.580888327498526,2.3929325244382137e-08,0.0268801846601726,-0.0110431859867853,0.0052689343153427,1.3877787807814457e-17
regime_shift,6,velocity_log_odds,raw_migration,equal,True,0,low,153,2001-03-31,2019-12-31,-0.0004811876392868,-0.0057742516714425,-0.1049289032644072,-0.006159375310115,-0.0739125037213805,-1.2865860523209918,-0.626106437787662,0.3856209150326797,0.5831019916128569,0.5818795090921745,0.0398994230996603,0.0282388289502775,0.8474844321785263,0.840454222169397,0.8545146421876555,-0.0058273899579411,0.0015538528755074,-3.750284244921281,0.0001766342301325,0.0217366571029432,-0.0110431859867853,0.0052689343153427,1.3877787807814457e-17
regime_shift,6,velocity_log_odds,raw_migration,equal,True,0,severe,153,2001-03-31,2019-12-31,-0.0004811876392868,-0.0057742516714425,-0.1049289032644072,-0.0139730381782427,-0.1676764581389135,-2.519259657741069,-0.885605837985657,0.2549019607843137,0.5831019916128569,0.5818795090921745,0.1336633775171933,0.0282388289502775,0.8474844321785263,0.840454222169397,0.8545146421876555,-0.0134261440194452,0.0017510351320826,-7.667546911795206,1.7531691137368853e-14,0.0328515194477726,-0.0110431859867853,0.0052689343153427,0.0
regime_shift,6,velocity_log_odds,raw_migration,value,False,0,conservative,153,2001-03-31,2019-12-31,0.0013158258122287,0.0157899097467453,0.275622218191984,-0.0049487658271361,-0.0593851899256341,-1.0154952772497965,-0.5633843850302271,0.4117647058823529,0.4432899633422325,0.4421553715527364,0.0553067963877618,0.0198683032846176,0.6471469347163313,0.6390834983945474,0.6552103710381153,-0.0044684246761621,0.0015691532063209,-2.847666281509142,0.0044041080005224,0.0292264928538156,0.0375774441742987,-0.0217875344275534,-2.0816681711721685e-17
regime_shift,6,velocity_log_odds,raw_migration,value,False,0,low,153,2001-03-31,2019-12-31,0.0013158258122287,0.0157899097467453,0.275622218191984,-0.0026443159776461,-0.0317317917317532,-0.5511812055384682,-0.4529630054230723,0.4509803921568627,0.4432899633422325,0.4421553715527364,0.0276533981938809,0.0198683032846176,0.6471469347163313,0.6390834983945474,0.6552103710381153,-0.0022084071346283,0.0015418488506513,-1.4323110424834131,0.1520548242480523,0.0268329350777624,0.0375774441742987,-0.0217875344275534,-6.938893903907228e-18
regime_shift,6,velocity_log_odds,raw_migration,value,False,0,severe,153,2001-03-31,2019-12-31,0.0013158258122287,0.0157899097467453,0.275622218191984,-0.0081375264197317,-0.0976503170367807,-1.6109714606751575,-0.7287949336369419,0.3202614379084967,0.4432899633422325,0.4421553715527364,0.0935719234989083,0.0198683032846176,0.6471469347163313,0.6390834983945474,0.6552103710381153,-0.0075958004163953,0.001630905057766,-4.657414225448421,3.2020576396966867e-06,0.0327345100453968,0.0375774441742987,-0.0217875344275534,-2.775557561562892e-17
regime_shift,6,velocity_log_odds,raw_migration,value,True,0,conservative,153,2001-03-31,2019-12-31,0.0014649146528397,0.0175789758340766,0.3167135310498188,-0.0047606118496221,-0.0571273421954655,-0.9934035892522464,-0.5443079757812226,0.3529411764705882,0.4366898196863302,0.4357721058635517,0.0548828503903225,0.0198234676392196,0.6400671210502833,0.6263010321003656,0.6538332100002008,-0.0044233652299955,0.0015542869627716,-2.8459128436024264,0.0044284313751932,0.0264863313074139,0.0273241423114145,-0.0097451664773379,1.3877787807814457e-17
regime_shift,6,velocity_log_odds,raw_migration,value,True,0,low,153,2001-03-31,2019-12-31,0.0014649146528397,0.0175789758340766,0.3167135310498188,-0.002473826416692,-0.0296859170003042,-0.5276052076695287,-0.4126692616615536,0.4183006535947712,0.4366898196863302,0.4357721058635517,0.0274414251951612,0.0198234676392196,0.6400671210502833,0.6263010321003656,0.6538332100002008,-0.0021917699854733,0.0015202282408564,-1.4417374487389456,0.1493764548486244,0.0240071521299538,0.0273241423114145,-0.0097451664773379,3.469446951953614e-18
regime_shift,6,velocity_log_odds,raw_migration,value,True,0,severe,153,2001-03-31,2019-12-31,0.0014649146528397,0.0175789758340766,0.3167135310498188,-0.0079189414942793,-0.095027297931352,-1.583520345391109,-0.714492710994536,0.2875816993464052,0.4366898196863302,0.4357721058635517,0.092782806126209,0.0198234676392196,0.6400671210502833,0.6263010321003656,0.6538332100002008,-0.0075062094752833,0.0016225783728226,-4.626099793395805,3.726158160950755e-06,0.0301779404920995,0.0273241423114145,-0.0097451664773379,-2.775557561562892e-17
regime_shift,6,viability_log_odds,static_viability,equal,False,0,conservative,192,2000-03-31,2019-12-31,0.0001488897808151,0.0017866773697822,0.0365857184950371,-0.0093308081554687,-0.1119696978656251,-2.079316596794221,-0.8395973979314356,0.2552083333333333,0.6111964354166153,0.609795087262364,0.083949451245656,0.0298069239897513,0.8857779796487489,0.8858557241651104,0.8857002351323876,-0.0088461309470055,0.0010986988836043,-8.051460758734379,8.181164761740079e-16,0.0360458881150709,-0.0011446428612613,0.0029313202310436,-1.3877787807814457e-17
regime_shift,6,viability_log_odds,static_viability,equal,False,0,low,192,2000-03-31,2019-12-31,0.0001488897808151,0.0017866773697822,0.0365857184950371,-0.0058329143535664,-0.0699949722427971,-1.380241040431574,-0.6862776305729035,0.3541666666666667,0.6111964354166153,0.609795087262364,0.041974725622828,0.0298069239897513,0.8857779796487489,0.8858557241651104,0.8857002351323876,-0.005468598215344,0.0010497223932217,-5.209566120200812,1.892827451887578e-07,0.0330214724052667,-0.0011446428612613,0.0029313202310436,0.0
regime_shift,6,viability_log_odds,static_viability,equal,False,0,severe,192,2000-03-31,2019-12-31,0.0001488897808151,0.0017866773697822,0.0365857184950371,-0.0140482921318958,-0.1685795055827498,-2.8248879852832225,-0.935899186082634,0.21875,0.6111964354166153,0.609795087262364,0.1405592589627808,0.0298069239897513,0.8857779796487489,0.8858557241651104,0.8857002351323876,-0.0134016313802842,0.0012053253879223,-11.118683398335405,1.0176260823609155e-28,0.039447540871137,-0.0011446428612613,0.0029313202310436,2.775557561562892e-17
regime_shift,6,viability_log_odds,static_viability,equal,True,0,conservative,192,2000-03-31,2019-12-31,0.0006841974380106,0.0082103692561275,0.1730870761783078,-0.0082627365013325,-0.0991528380159905,-1.9017358694181303,-0.8071465056270501,0.296875,0.5757850123440603,0.5745547159858441,0.0789830739489816,0.0283801333231364,0.8392554761481547,0.8345515454143229,0.8439594068819863,-0.0073805487409168,0.0011351711385315,-6.501705769637908,7.941431264212309e-11,0.0643624148843299,0.014226592509977,-0.0060162232538495,2.775557561562892e-17
regime_shift,6,viability_log_odds,static_viability,equal,True,0,low,192,2000-03-31,2019-12-31,0.0006841974380106,0.0082103692561275,0.1730870761783078,-0.0049717750867916,-0.0596613010414997,-1.2108282845779228,-0.6375351881137574,0.3333333333333333,0.5757850123440603,0.5745547159858441,0.0394915369744908,0.0283801333231364,0.8392554761481547,0.8345515454143229,0.8439594068819863,-0.0042083567151402,0.0010847240324546,-3.8796565663038542,0.0001046040527597,0.061642659101805,0.014226592509977,-0.0060162232538495,1.3877787807814457e-17
regime_shift,6,viability_log_odds,static_viability,equal,True,0,severe,192,2000-03-31,2019-12-31,0.0006841974380106,0.0082103692561275,0.1730870761783078,-0.0127028073478451,-0.1524336881741417,-2.65555567505868,-0.9180787196230188,0.234375,0.5757850123440603,0.5745547159858441,0.1322639241071327,0.0283801333231364,0.8392554761481547,0.8345515454143229,0.8439594068819863,-0.0116607922314724,0.0012361335212325,-9.433278874150448,3.97465740056775e-21,0.0660683610982949,0.014226592509977,-0.0060162232538495,0.0
regime_shift,6,viability_log_odds,static_viability,value,False,0,conservative,192,2000-03-31,2019-12-31,-8.536102615671296e-05,-0.0010243323138805,-0.0203734446202758,-0.0064461922967339,-0.077354307560807,-1.5008788150379544,-0.7228756963791299,0.3125,0.4515935896835548,0.450418248120032,0.0567543947894327,0.0195755804574937,0.6617103168075217,0.6779803161748145,0.6454403174402289,-0.0064598956719355,0.0010008504289844,-6.45440665743657,1.0864371592737989e-10,0.0127768539126424,0.0187221098006819,-0.0197464421145624,0.0
regime_shift,6,viability_log_odds,static_viability,value,False,0,low,192,2000-03-31,2019-12-31,-8.536102615671296e-05,-0.0010243323138805,-0.0203734446202758,-0.0040814258471742,-0.0489771101660906,-0.9670675260227192,-0.5760548064760622,0.3802083333333333,0.4515935896835548,0.450418248120032,0.0283771973947163,0.0195755804574937,0.6617103168075217,0.6779803161748145,0.6454403174402289,-0.0041643876059813,0.0009666049042243,-4.308262442888283,1.6454207579942044e-05,0.0144110597735844,0.0187221098006819,-0.0197464421145624,0.0
regime_shift,6,viability_log_odds,static_viability,value,False,0,severe,192,2000-03-31,2019-12-31,-8.536102615671296e-05,-0.0010243323138805,-0.0203734446202758,-0.0097117952425336,-0.1165415429104042,-2.16986866328518,-0.8475468978252043,0.2552083333333333,0.4515935896835548,0.450418248120032,0.0959416301390299,0.0195755804574937,0.6617103168075217,0.6779803161748145,0.6454403174402289,-0.0096295828662219,0.0010728698008871,-8.975537253689934,2.819722743847742e-19,0.0114178557486771,0.0187221098006819,-0.0197464421145624,-1.3877787807814457e-17
regime_shift,6,viability_log_odds,static_viability,value,True,0,conservative,192,2000-03-31,2019-12-31,0.0001270196327548,0.0015242355930586,0.0293802689149387,-0.0060219997233704,-0.0722639966804448,-1.3387968748325647,-0.7050472221540462,0.34375,0.4343793875093869,0.4333058966031947,0.0549040327188366,0.0188841995546668,0.6365782015146991,0.6517356726002071,0.621420730429191,-0.005554131915822,0.001122393900194,-4.948469440952706,7.479933088986526e-07,0.0283830341637907,-0.0124043341257811,0.0139285697188397,0.0
regime_shift,6,viability_log_odds,static_viability,value,True,0,low,192,2000-03-31,2019-12-31,0.0001270196327548,0.0015242355930586,0.0293802689149387,-0.0037343316934188,-0.0448119803210265,-0.8506707272060017,-0.5553006852917206,0.4114583333333333,0.4343793875093869,0.4333058966031947,0.0274520163594183,0.0188841995546668,0.6365782015146991,0.6517356726002071,0.621420730429191,-0.0033386539515163,0.0010847771654215,-3.077732513127513,0.0020858204796981,0.0270857826908431,-0.0124043341257811,0.0139285697188397,0.0
regime_shift,6,viability_log_odds,static_viability,value,True,0,severe,192,2000-03-31,2019-12-31,0.0001270196327548,0.0015242355930586,0.0293802689149387,-0.0091762795465283,-0.1101153545583398,-1.946456047932839,-0.835491949220246,0.28125,0.4343793875093869,0.4333058966031947,0.0927553905967316,0.0188841995546668,0.6365782015146991,0.6517356726002071,0.621420730429191,-0.0086088768304304,0.0011946363654557,-7.206273874934221,5.7503690013781e-13,0.0301484286161992,-0.0124043341257811,0.0139285697188397,-1.3877787807814457e-17
